{"name":"Kallista searches for information on the website","id":"visit-the-hpb-corporate-website;kallista-searches-for-information-on-the-website","testSteps":[{"number":1,"description":"* \u0027Kallista\u0027 searches for \u0027Healthier Choice\u0027 using the website search","duration":44062,"startTime":"2018-04-03T11:55:29.724955100+08:00[Asia/Singapore]","screenshots":[{"screenshot":"9a1ce8405f9186845a7ca7dc38136e98faaf173a0eea3f11f83ca47ce899dd91.png"}],"result":"SUCCESS","precondition":false,"children":[{"number":2,"description":"\u0027Kallista\u0027 opens the Home page","duration":31874,"startTime":"2018-04-03T11:55:30.197243500+08:00[Asia/Singapore]","screenshots":[{"screenshot":"3cd193b77c9af8ea8fd4dd4890a95f28b3130a4870c6063eb42ff296899fdf10.png"}],"result":"SUCCESS","precondition":false},{"number":3,"description":"\u0027Kallista\u0027 enters \u0027\u0027Healthier Choice\u0027\u0027 into search field","duration":9231,"startTime":"2018-04-03T11:56:02.551011400+08:00[Asia/Singapore]","screenshots":[{"screenshot":"6636a6332808f561246c6ec48161416bfe658c22424b2e33de3bfc3b0dad4d1e.png"},{"screenshot":"9a1ce8405f9186845a7ca7dc38136e98faaf173a0eea3f11f83ca47ce899dd91.png"}],"result":"SUCCESS","precondition":false},{"number":4,"description":"Then Show search results should be \u0027For more health information, tips and tricks, visit HealthHub.\u0027","duration":1394,"startTime":"2018-04-03T11:56:11.848390900+08:00[Asia/Singapore]","screenshots":[{"screenshot":"9a1ce8405f9186845a7ca7dc38136e98faaf173a0eea3f11f83ca47ce899dd91.png"}],"result":"SUCCESS","precondition":false}]}],"userStory":{"id":"visit-the-hpb-corporate-website","storyName":"Visit the HPB Corporate Website","path":"src/test/resources/features/browse/CallistoVisitor.feature","narrative":"Users should see \"Home\", \"About\", \"Schools\", \"Community\", \"Healthy Living\", \"Partnerships\" in the main menu bar and search the website","type":"feature"},"featureTag":{"name":"Browse/Visit the HPB Corporate Website","type":"feature"},"title":"Kallista searches for information on the website","description":"","tags":[{"name":"browse","type":"tag"},{"name":"Browse/Visit the hpb corporate website","type":"feature"},{"name":"search","type":"tag"},{"name":"Browse","type":"capability"}],"startTime":"2018-04-03T11:55:29.625812600+08:00[Asia/Singapore]","duration":44161,"projectKey":"","sessionId":"480c347f2c3099c749779119d0e68b2e","driver":"chrome:\u0027kallista\u0027","manual":false,"testSource":"Cucumber","result":"SUCCESS"}