{"name":"Kallista visits the healthy living page","id":"visit-the-hpb-corporate-website;kallista-visits-the-healthy-living-page","testSteps":[{"number":1,"description":"* \u0027Kallista\u0027 visits the healthy living page","duration":20103,"startTime":"2018-04-03T12:00:30.954615500+08:00[Asia/Singapore]","exception":{"errorType":"java.lang.AssertionError","message":"\nExpected: a collection containing a string containing \"Food \u0026 Beverage\"\n     but: was \"Substance Abuse\", was \"Physical Activity\", was \"Preventive Health\"","stackTrace":[{"classLoaderName":"app","declaringClass":"sg.four.serenity.callisto.steps.CallistoVisitorSteps","methodName":"visits_the_healthy_living_page","fileName":"CallistoVisitorSteps.java","lineNumber":138,"format":1},{"declaringClass":"✽","methodName":"* \u0027Kallista\u0027 visits the healthy living page","fileName":"src/test/resources/features/browse/CallistoVisitor.feature","lineNumber":53,"format":0}]},"result":"FAILURE","precondition":false,"children":[{"number":2,"description":"\u0027Kallista\u0027 opens the Healthy living page","duration":12371,"startTime":"2018-04-03T12:00:30.997142600+08:00[Asia/Singapore]","screenshots":[{"screenshot":"697f00decc6aa83c747bd3b0053b7904f633e37ffdfaaf4227e3cb11b96ba09d.png"}],"result":"SUCCESS","precondition":false},{"number":3,"description":"Then Show about intro text should be a string containing \u0027At Health Promotion Board, we promote a holistic approach to leading a healthy lifestyle. This includes staying physically active while maintaining a balanced diet, and going for regular screening. Take a look around this section for a better understanding of the various types of work that we do!\u0027","duration":3083,"startTime":"2018-04-03T12:00:43.368574400+08:00[Asia/Singapore]","screenshots":[{"screenshot":"697f00decc6aa83c747bd3b0053b7904f633e37ffdfaaf4227e3cb11b96ba09d.png"}],"result":"SUCCESS","precondition":false},{"number":4,"description":"Then tabs shown in the landing page should be a collection containing a string containing \u0027Substance Abuse\u0027","duration":2326,"startTime":"2018-04-03T12:00:46.586686900+08:00[Asia/Singapore]","screenshots":[{"screenshot":"1f56fc2895a64e210c58db88e56a3a6ce11e222f25ad403f1ddbcb7376da1d01.png"}],"result":"SUCCESS","precondition":false},{"number":5,"description":"Then tabs shown in the landing page should be a collection containing a string containing \u0027Food \u0026 Beverage\u0027","duration":2091,"startTime":"2018-04-03T12:00:48.917112300+08:00[Asia/Singapore]","screenshots":[{"screenshot":"1f56fc2895a64e210c58db88e56a3a6ce11e222f25ad403f1ddbcb7376da1d01.png"},{"screenshot":"1f56fc2895a64e210c58db88e56a3a6ce11e222f25ad403f1ddbcb7376da1d01.png","htmlSource":"pagesource11404502497551585882.html.txt"}],"exception":{"errorType":"java.lang.AssertionError","message":"\nExpected: a collection containing a string containing \"Food \u0026 Beverage\"\n     but: was \"Substance Abuse\", was \"Physical Activity\", was \"Preventive Health\"","stackTrace":[{"classLoaderName":"app","declaringClass":"sg.four.serenity.callisto.steps.CallistoVisitorSteps","methodName":"visits_the_healthy_living_page","fileName":"CallistoVisitorSteps.java","lineNumber":138,"format":1},{"moduleName":"java.base","moduleVersion":"9","declaringClass":"jdk.internal.reflect.NativeMethodAccessorImpl","methodName":"invoke0","fileName":"NativeMethodAccessorImpl.java","lineNumber":-2,"format":2},{"moduleName":"java.base","moduleVersion":"9","declaringClass":"jdk.internal.reflect.NativeMethodAccessorImpl","methodName":"invoke","fileName":"NativeMethodAccessorImpl.java","lineNumber":62,"format":2},{"moduleName":"java.base","moduleVersion":"9","declaringClass":"jdk.internal.reflect.DelegatingMethodAccessorImpl","methodName":"invoke","fileName":"DelegatingMethodAccessorImpl.java","lineNumber":43,"format":2}]},"result":"FAILURE","precondition":false}]}],"userStory":{"id":"visit-the-hpb-corporate-website","storyName":"Visit the HPB Corporate Website","path":"src/test/resources/features/browse/CallistoVisitor.feature","narrative":"Users should see \"Home\", \"About\", \"Schools\", \"Community\", \"Healthy Living\", \"Partnerships\" in the main menu bar and search the website","type":"feature"},"featureTag":{"name":"Browse/Visit the HPB Corporate Website","type":"feature"},"title":"Kallista visits the healthy living page","description":"","tags":[{"name":"browse","type":"tag"},{"name":"Browse/Visit the hpb corporate website","type":"feature"},{"name":"Browse","type":"capability"},{"name":"healthy-living","type":"tag"}],"startTime":"2018-04-03T12:00:30.945608700+08:00[Asia/Singapore]","duration":20112,"testFailureCause":{"errorType":"java.lang.AssertionError","message":"\nExpected: a collection containing a string containing \"Food \u0026 Beverage\"\n     but: was \"Substance Abuse\", was \"Physical Activity\", was \"Preventive Health\"","stackTrace":[{"classLoaderName":"app","declaringClass":"sg.four.serenity.callisto.steps.CallistoVisitorSteps","methodName":"visits_the_healthy_living_page","fileName":"CallistoVisitorSteps.java","lineNumber":138,"format":1},{"moduleName":"java.base","moduleVersion":"9","declaringClass":"jdk.internal.reflect.NativeMethodAccessorImpl","methodName":"invoke0","fileName":"NativeMethodAccessorImpl.java","lineNumber":-2,"format":2},{"moduleName":"java.base","moduleVersion":"9","declaringClass":"jdk.internal.reflect.NativeMethodAccessorImpl","methodName":"invoke","fileName":"NativeMethodAccessorImpl.java","lineNumber":62,"format":2},{"moduleName":"java.base","moduleVersion":"9","declaringClass":"jdk.internal.reflect.DelegatingMethodAccessorImpl","methodName":"invoke","fileName":"DelegatingMethodAccessorImpl.java","lineNumber":43,"format":2}]},"testFailureClassname":"java.lang.AssertionError","testFailureMessage":"\nExpected: a collection containing a string containing \"Food \u0026 Beverage\"\n     but: was \"Substance Abuse\", was \"Physical Activity\", was \"Preventive Health\"","testFailureSummary":"FAILURE;java.lang.AssertionError;\nExpected: a collection containing a string containing \"Food \u0026 Beverage\"\n     but: was \"Substance Abuse\", was \"Physical Activity\", was \"Preventive Health\";CallistoVisitorSteps.java","projectKey":"","annotatedResult":"FAILURE","sessionId":"22c37a66ea43c0cd98a42f17b5d2b7fd","driver":"chrome:\u0027kallista\u0027","manual":false,"testSource":"Cucumber","result":"FAILURE"}