"Story","Title","Result","Date","Stability","Duration (s)"
"Manages Content in the Sitefinity CMS","Kallista creates a new page","IGNORED","2018-04-03T12:02:59.935685400+08:00[Asia/Singapore]","0.0","120.31"
"Manages Content in the Sitefinity CMS","Unauthorised tries to log in to the CMS with wrong password @Skip","IGNORED","2018-04-03T12:05:00.457883900+08:00[Asia/Singapore]","0.0","120.74"
"Manages Content in the Sitefinity CMS","Unauthorised user tries to reset password @Skip","IGNORED","2018-04-03T12:07:01.526859800+08:00[Asia/Singapore]","0.0","0.11"
"Manages Content in the Sitefinity CMS","Kallista creates page in Sitefinity Cloud","IGNORED","2018-04-03T12:07:01.995636+08:00[Asia/Singapore]","0.0","0.11"
"Information that HPB wants to expose to public is displayed on the home page","User visits the HPB Corporate Website Home Page","IGNORED","2018-04-03T11:55:02.003919800+08:00[Asia/Singapore]","0.0","7.7"
"Information that HPB wants to expose to public is displayed on the home page","Click on any item in the main navigation","IGNORED","2018-04-03T11:55:25.377994800+08:00[Asia/Singapore]","0.0","3.3"
