{"name":"Kallista sees the useful info tabs","id":"visit-the-hpb-corporate-website;kallista-sees-the-useful-info-tabs","testSteps":[{"number":1,"description":"* \u0027Kallista\u0027 sees the useful info tabs","duration":25494,"startTime":"2018-04-03T11:56:53.528591300+08:00[Asia/Singapore]","screenshots":[{"screenshot":"b7602041ab7a1ee7e65ceae254524a3c6b028f1c8a0e51416d8269ff76a2aa48.png"}],"result":"SUCCESS","precondition":false,"children":[{"number":2,"description":"\u0027Kallista\u0027 opens the Home page","duration":12569,"startTime":"2018-04-03T11:56:53.559839900+08:00[Asia/Singapore]","screenshots":[{"screenshot":"3cd193b77c9af8ea8fd4dd4890a95f28b3130a4870c6063eb42ff296899fdf10.png"}],"result":"SUCCESS","precondition":false},{"number":3,"description":"Then tabs shown in the landing page should be a collection containing a string containing \u0027Educators and Parents\u0027","duration":3272,"startTime":"2018-04-03T11:57:06.295580+08:00[Asia/Singapore]","screenshots":[{"screenshot":"b7602041ab7a1ee7e65ceae254524a3c6b028f1c8a0e51416d8269ff76a2aa48.png"}],"result":"SUCCESS","precondition":false},{"number":4,"description":"Then tabs shown in the landing page should be a collection containing a string containing \u0027Community Partners\u0027","duration":2659,"startTime":"2018-04-03T11:57:09.584771900+08:00[Asia/Singapore]","screenshots":[{"screenshot":"b7602041ab7a1ee7e65ceae254524a3c6b028f1c8a0e51416d8269ff76a2aa48.png"}],"result":"SUCCESS","precondition":false},{"number":5,"description":"Then tabs shown in the landing page should be a collection containing a string containing \u0027Corporate Partners\u0027","duration":2729,"startTime":"2018-04-03T11:57:12.254471400+08:00[Asia/Singapore]","screenshots":[{"screenshot":"b7602041ab7a1ee7e65ceae254524a3c6b028f1c8a0e51416d8269ff76a2aa48.png"}],"result":"SUCCESS","precondition":false},{"number":6,"description":"Then tabs shown in the landing page should be a collection containing a string containing \u0027Grant Applicants\u0027","duration":2700,"startTime":"2018-04-03T11:57:14.990380800+08:00[Asia/Singapore]","screenshots":[{"screenshot":"b7602041ab7a1ee7e65ceae254524a3c6b028f1c8a0e51416d8269ff76a2aa48.png"}],"result":"SUCCESS","precondition":false}]}],"userStory":{"id":"visit-the-hpb-corporate-website","storyName":"Visit the HPB Corporate Website","path":"src/test/resources/features/browse/CallistoVisitor.feature","narrative":"Users should see \"Home\", \"About\", \"Schools\", \"Community\", \"Healthy Living\", \"Partnerships\" in the main menu bar and search the website","type":"feature"},"featureTag":{"name":"Browse/Visit the HPB Corporate Website","type":"feature"},"title":"Kallista sees the useful info tabs","description":"","tags":[{"name":"browse","type":"tag"},{"name":"Browse/Visit the hpb corporate website","type":"feature"},{"name":"Browse","type":"capability"},{"name":"useful-info","type":"tag"}],"startTime":"2018-04-03T11:56:53.512965500+08:00[Asia/Singapore]","duration":25511,"projectKey":"","sessionId":"ca74b5963bb41de78e419ea34db875f3","driver":"chrome:\u0027kallista\u0027","manual":false,"testSource":"Cucumber","result":"SUCCESS"}