{"name":"Kallista submits the satisfaction poll","id":"visit-the-hpb-corporate-website;kallista-submits-the-satisfaction-poll","testSteps":[{"number":1,"description":"* \u0027Kallista\u0027 submits the satisfaction poll","duration":48844,"startTime":"2018-04-03T12:02:06.921390800+08:00[Asia/Singapore]","exception":{"errorType":"java.lang.AssertionError","message":"\nExpected: a string containing \"Thank you for filling out the survey!\"\n     but: was \"Satisfaction Poll\nThank you for using this HPB Website. As part of our on-going efforts to provide better customer service, we would appreciate if you can fill up the survey form below.\nFrom scale 1 (Not Easy) to 6 (Very Easy), Is the information easy to understand?\n1 2 3 4 5 6\nFrom scale 1 (Not Relevant) to 6 (Very Relevant), are the contents relevant to your needs?\n1 2 3 4 5 6\nFrom scale 1 (Not satisfied at all) to 6 (Extremely satisfied), how satisfied are you with the information provided?\n1 2 3 4 5 6\nPlease write your comment about this website\nName\nEmail\nNew code\nPlease type the code above\nSubmit\"","stackTrace":[{"classLoaderName":"app","declaringClass":"sg.four.serenity.callisto.steps.CallistoVisitorSteps","methodName":"rating","fileName":"CallistoVisitorSteps.java","lineNumber":171,"format":1},{"declaringClass":"✽","methodName":"* \u0027Kallista\u0027 submits the satisfaction poll","fileName":"src/test/resources/features/browse/CallistoVisitor.feature","lineNumber":65,"format":0}]},"result":"FAILURE","precondition":false,"children":[{"number":2,"description":"\u0027Kallista\u0027 opens the Rate this site page","duration":19657,"startTime":"2018-04-03T12:02:06.994436900+08:00[Asia/Singapore]","screenshots":[{"screenshot":"076dbfcc12f34d1685892b399bc30cbf8bb83b26e8a540bb18f59c34f086d1bc.png"}],"result":"SUCCESS","precondition":false},{"number":3,"description":"Then Show feedback form submission results should be a string containing \u0027Thank you for filling out the survey!\u0027","duration":3607,"startTime":"2018-04-03T12:02:52.092193600+08:00[Asia/Singapore]","screenshots":[{"screenshot":"b417b4e850c71bf828d0a24b0d7faf6acb018ea25df1dea81f1fcc116948cc42.png"},{"screenshot":"51cf142da47564a0e604274d97aef372b357e77305a391be01366abac4aafee7.png","htmlSource":"pagesource1994305735598137506.html.txt"}],"exception":{"errorType":"java.lang.AssertionError","message":"\nExpected: a string containing \"Thank you for filling out the survey!\"\n     but: was \"Satisfaction Poll\nThank you for using this HPB Website. As part of our on-going efforts to provide better customer service, we would appreciate if you can fill up the survey form below.\nFrom scale 1 (Not Easy) to 6 (Very Easy), Is the information easy to understand?\n1 2 3 4 5 6\nFrom scale 1 (Not Relevant) to 6 (Very Relevant), are the contents relevant to your needs?\n1 2 3 4 5 6\nFrom scale 1 (Not satisfied at all) to 6 (Extremely satisfied), how satisfied are you with the information provided?\n1 2 3 4 5 6\nPlease write your comment about this website\nName\nEmail\nNew code\nPlease type the code above\nSubmit\"","stackTrace":[{"classLoaderName":"app","declaringClass":"sg.four.serenity.callisto.steps.CallistoVisitorSteps","methodName":"rating","fileName":"CallistoVisitorSteps.java","lineNumber":171,"format":1},{"moduleName":"java.base","moduleVersion":"9","declaringClass":"jdk.internal.reflect.NativeMethodAccessorImpl","methodName":"invoke0","fileName":"NativeMethodAccessorImpl.java","lineNumber":-2,"format":2},{"moduleName":"java.base","moduleVersion":"9","declaringClass":"jdk.internal.reflect.NativeMethodAccessorImpl","methodName":"invoke","fileName":"NativeMethodAccessorImpl.java","lineNumber":62,"format":2},{"moduleName":"java.base","moduleVersion":"9","declaringClass":"jdk.internal.reflect.DelegatingMethodAccessorImpl","methodName":"invoke","fileName":"DelegatingMethodAccessorImpl.java","lineNumber":43,"format":2}]},"result":"FAILURE","precondition":false}]}],"userStory":{"id":"visit-the-hpb-corporate-website","storyName":"Visit the HPB Corporate Website","path":"src/test/resources/features/browse/CallistoVisitor.feature","narrative":"Users should see \"Home\", \"About\", \"Schools\", \"Community\", \"Healthy Living\", \"Partnerships\" in the main menu bar and search the website","type":"feature"},"featureTag":{"name":"Browse/Visit the HPB Corporate Website","type":"feature"},"title":"Kallista submits the satisfaction poll","description":"","tags":[{"name":"browse","type":"tag"},{"name":"Browse/Visit the hpb corporate website","type":"feature"},{"name":"Browse","type":"capability"},{"name":"rate","type":"tag"}],"startTime":"2018-04-03T12:02:06.909380700+08:00[Asia/Singapore]","duration":48857,"testFailureCause":{"errorType":"java.lang.AssertionError","message":"\nExpected: a string containing \"Thank you for filling out the survey!\"\n     but: was \"Satisfaction Poll\nThank you for using this HPB Website. As part of our on-going efforts to provide better customer service, we would appreciate if you can fill up the survey form below.\nFrom scale 1 (Not Easy) to 6 (Very Easy), Is the information easy to understand?\n1 2 3 4 5 6\nFrom scale 1 (Not Relevant) to 6 (Very Relevant), are the contents relevant to your needs?\n1 2 3 4 5 6\nFrom scale 1 (Not satisfied at all) to 6 (Extremely satisfied), how satisfied are you with the information provided?\n1 2 3 4 5 6\nPlease write your comment about this website\nName\nEmail\nNew code\nPlease type the code above\nSubmit\"","stackTrace":[{"classLoaderName":"app","declaringClass":"sg.four.serenity.callisto.steps.CallistoVisitorSteps","methodName":"rating","fileName":"CallistoVisitorSteps.java","lineNumber":171,"format":1},{"moduleName":"java.base","moduleVersion":"9","declaringClass":"jdk.internal.reflect.NativeMethodAccessorImpl","methodName":"invoke0","fileName":"NativeMethodAccessorImpl.java","lineNumber":-2,"format":2},{"moduleName":"java.base","moduleVersion":"9","declaringClass":"jdk.internal.reflect.NativeMethodAccessorImpl","methodName":"invoke","fileName":"NativeMethodAccessorImpl.java","lineNumber":62,"format":2},{"moduleName":"java.base","moduleVersion":"9","declaringClass":"jdk.internal.reflect.DelegatingMethodAccessorImpl","methodName":"invoke","fileName":"DelegatingMethodAccessorImpl.java","lineNumber":43,"format":2}]},"testFailureClassname":"java.lang.AssertionError","testFailureMessage":"\nExpected: a string containing \"Thank you for filling out the survey!\"\n     but: was \"Satisfaction Poll\nThank you for using this HPB Website. As part of our on-going efforts to provide better customer service, we would appreciate if you can fill up the survey form below.\nFrom scale 1 (Not Easy) to 6 (Very Easy), Is the information easy to understand?\n1 2 3 4 5 6\nFrom scale 1 (Not Relevant) to 6 (Very Relevant), are the contents relevant to your needs?\n1 2 3 4 5 6\nFrom scale 1 (Not satisfied at all) to 6 (Extremely satisfied), how satisfied are you with the information provided?\n1 2 3 4 5 6\nPlease write your comment about this website\nName\nEmail\nNew code\nPlease type the code above\nSubmit\"","testFailureSummary":"FAILURE;java.lang.AssertionError;\nExpected: a string containing \"Thank you for filling out the survey!\"\n     but: was \"Satisfaction Poll\nThank you for using this HPB Website. As part of our on-going efforts to provide better customer service, we would appreciate if you can fill up the survey form below.\nFrom scale 1 (Not Easy) to 6 (Very Easy), Is the information easy to understand?\n1 2 3 4 5 6\nFrom scale 1 (Not Relevant) to 6 (Very Relevant), are the contents relevant to your needs?\n1 2 3 4 5 6\nFrom scale 1 (Not satisfied at all) to 6 (Extremely satisfied), how satisfied are you with the information provided?\n1 2 3 4 5 6\nPlease write your comment about this website\nName\nEmail\nNew code\nPlease type the code above\nSubmit\";CallistoVisitorSteps.java","projectKey":"","annotatedResult":"FAILURE","sessionId":"bc26d49b148e6af8cb2266f2f68cbbfb","driver":"chrome:\u0027kallista\u0027","manual":false,"testSource":"Cucumber","result":"FAILURE"}