{"name":"Kallista reads articles found in the News Online for Workplaces section","id":"visit-the-hpb-corporate-website;kallista-reads-articles-found-in-the-news-online-for-workplaces-section","testSteps":[{"number":1,"description":"* \u0027Kallista\u0027 wants to read N.O.W Issues","duration":14968,"startTime":"2018-04-03T11:57:20.566684200+08:00[Asia/Singapore]","screenshots":[{"screenshot":"4c82c950e87ca1c3d44495dd09030771c5132f6a1799bcbff22d98918069de0a.png"}],"result":"SUCCESS","precondition":false,"children":[{"number":2,"description":"\u0027Kallista\u0027 opens the Now landing page","duration":10717,"startTime":"2018-04-03T11:57:20.676063200+08:00[Asia/Singapore]","screenshots":[{"screenshot":"f561fd7b0aec1edb9e589e248e792515a60586317916afbc7c3cf59a32b2d446.png"}],"result":"SUCCESS","precondition":false},{"number":3,"description":"Then tabs shown in the landing page should be a collection containing a string containing \u0027N.O.W Issue 1\u0027","duration":1827,"startTime":"2018-04-03T11:57:31.551677200+08:00[Asia/Singapore]","screenshots":[{"screenshot":"4c82c950e87ca1c3d44495dd09030771c5132f6a1799bcbff22d98918069de0a.png"}],"result":"SUCCESS","precondition":false},{"number":4,"description":"Then tabs shown in the landing page should be a collection containing a string containing \u0027N.O.W Issue 2\u0027","duration":1457,"startTime":"2018-04-03T11:57:33.398578200+08:00[Asia/Singapore]","screenshots":[{"screenshot":"4c82c950e87ca1c3d44495dd09030771c5132f6a1799bcbff22d98918069de0a.png"}],"result":"SUCCESS","precondition":false}]}],"userStory":{"id":"visit-the-hpb-corporate-website","storyName":"Visit the HPB Corporate Website","path":"src/test/resources/features/browse/CallistoVisitor.feature","narrative":"Users should see \"Home\", \"About\", \"Schools\", \"Community\", \"Healthy Living\", \"Partnerships\" in the main menu bar and search the website","type":"feature"},"featureTag":{"name":"Browse/Visit the HPB Corporate Website","type":"feature"},"title":"Kallista reads articles found in the News Online for Workplaces section","description":"","tags":[{"name":"browse","type":"tag"},{"name":"now","type":"tag"},{"name":"Browse/Visit the hpb corporate website","type":"feature"},{"name":"Browse","type":"capability"}],"startTime":"2018-04-03T11:57:20.551059300+08:00[Asia/Singapore]","duration":14984,"projectKey":"","sessionId":"1d5559eba954e1cf33c32da7bc1bba98","driver":"chrome:\u0027kallista\u0027","manual":false,"testSource":"Cucumber","result":"SUCCESS"}