{"name":"Kallista wants to search the faqs within the corporate website and the gov ifaq website","id":"visit-the-hpb-corporate-website;kallista-wants-to-search-the-faqs-within-the-corporate-website-and-the-gov-ifaq-website;faq-terms;2","testSteps":[{"number":1,"description":"Kallista wants to search the faqs within the corporate website and the gov ifaq website #1: {keyword\u003dingredient, name\u003dHealthier Ingredient Development Scheme}","duration":18808,"startTime":"2018-04-03T11:57:37.424238400+08:00[Asia/Singapore]","screenshots":[{"screenshot":"eee560f759d3d7594e031569ab7b16ca5cd7f8b0defbcab7d4d75c61e305168f.png"}],"result":"SUCCESS","precondition":false,"children":[{"number":2,"description":"Given \u0027Kallista\u0027 searches for ingredient within the faq section","duration":14614,"startTime":"2018-04-03T11:57:37.439869400+08:00[Asia/Singapore]","screenshots":[{"screenshot":"eee560f759d3d7594e031569ab7b16ca5cd7f8b0defbcab7d4d75c61e305168f.png"}],"result":"SUCCESS","precondition":false,"children":[{"number":3,"description":"\u0027Kallista\u0027 opens the Faq page","duration":10857,"startTime":"2018-04-03T11:57:37.486744600+08:00[Asia/Singapore]","screenshots":[{"screenshot":"d3189b93a2dab575d515474be63c9a68002fcc4ab4c767fa13d1add064cc1669.png"}],"result":"SUCCESS","precondition":false},{"number":4,"description":"\u0027Kallista\u0027 enters \u0027ingredient\u0027 into search field","duration":2525,"startTime":"2018-04-03T11:57:48.437557100+08:00[Asia/Singapore]","screenshots":[{"screenshot":"d3189b93a2dab575d515474be63c9a68002fcc4ab4c767fa13d1add064cc1669.png"},{"screenshot":"9e5cfda7049cdf16c88c0ecda850e30cd8322ce44a0c129d7f72fe96e0d1ce8c.png"}],"result":"SUCCESS","precondition":false}]},{"number":5,"description":"Then \u0027Kallista\u0027 should see the faq programme Healthier Ingredient Development Scheme displayed","duration":3429,"startTime":"2018-04-03T11:57:52.069770500+08:00[Asia/Singapore]","screenshots":[{"screenshot":"eee560f759d3d7594e031569ab7b16ca5cd7f8b0defbcab7d4d75c61e305168f.png"},{"screenshot":"998501f3f401390af31fead99d243b7faf3f1106d26784ee4d453bf4171a16bf.png"}],"result":"SUCCESS","precondition":false,"children":[{"number":6,"description":"Then Show search results should be \u0027Healthier Ingredient Development Scheme\u0027","duration":1827,"startTime":"2018-04-03T11:57:52.884065500+08:00[Asia/Singapore]","screenshots":[{"screenshot":"998501f3f401390af31fead99d243b7faf3f1106d26784ee4d453bf4171a16bf.png"}],"result":"SUCCESS","precondition":false}]}]},{"number":7,"description":"Kallista wants to search the faqs within the corporate website and the gov ifaq website #2: {keyword\u003dservice provider, name\u003dDirectory of Service Providers}","duration":18220,"startTime":"2018-04-03T11:57:56.758033600+08:00[Asia/Singapore]","screenshots":[{"screenshot":"6b92448bba23fbd2a5a858c61fdec8fde6a723fe1b53cd8851c972d4aa5a9c5c.png"}],"result":"SUCCESS","precondition":false,"children":[{"number":8,"description":"Given \u0027Kallista\u0027 searches for service provider within the faq section","duration":13959,"startTime":"2018-04-03T11:57:56.773663300+08:00[Asia/Singapore]","screenshots":[{"screenshot":"6b92448bba23fbd2a5a858c61fdec8fde6a723fe1b53cd8851c972d4aa5a9c5c.png"}],"result":"SUCCESS","precondition":false,"children":[{"number":9,"description":"\u0027Kallista\u0027 opens the Faq page","duration":10501,"startTime":"2018-04-03T11:57:56.789289900+08:00[Asia/Singapore]","screenshots":[{"screenshot":"d3189b93a2dab575d515474be63c9a68002fcc4ab4c767fa13d1add064cc1669.png"}],"result":"SUCCESS","precondition":false},{"number":10,"description":"\u0027Kallista\u0027 enters \u0027service provider\u0027 into search field","duration":2577,"startTime":"2018-04-03T11:58:07.306607+08:00[Asia/Singapore]","screenshots":[{"screenshot":"d3189b93a2dab575d515474be63c9a68002fcc4ab4c767fa13d1add064cc1669.png"},{"screenshot":"8bd41a8269c7c520d6b1c1b6f438f8f3d2ddb52954fc0660e85014e6bab81fed.png"}],"result":"SUCCESS","precondition":false}]},{"number":11,"description":"Then \u0027Kallista\u0027 should see the faq programme Directory of Service Providers displayed","duration":3507,"startTime":"2018-04-03T11:58:10.732807800+08:00[Asia/Singapore]","screenshots":[{"screenshot":"96419c6231b26bd53fd0a62e0880a54f229687d650b92381c20e02dc1fcc084d.png"}],"result":"SUCCESS","precondition":false,"children":[{"number":12,"description":"Then Show search results should be \u0027Directory of Service Providers\u0027","duration":1892,"startTime":"2018-04-03T11:58:11.586319100+08:00[Asia/Singapore]","screenshots":[{"screenshot":"96419c6231b26bd53fd0a62e0880a54f229687d650b92381c20e02dc1fcc084d.png"}],"result":"SUCCESS","precondition":false}]}]}],"userStory":{"id":"visit-the-hpb-corporate-website","storyName":"Visit the HPB Corporate Website","path":"src/test/resources/features/browse/CallistoVisitor.feature","narrative":"Users should see \"Home\", \"About\", \"Schools\", \"Community\", \"Healthy Living\", \"Partnerships\" in the main menu bar and search the website","type":"feature"},"featureTag":{"name":"Browse/Visit the HPB Corporate Website","type":"feature"},"title":"Kallista wants to search the faqs within the corporate website and the gov ifaq website","description":"","tags":[{"name":"browse","type":"tag"},{"name":"Browse/Visit the hpb corporate website","type":"feature"},{"name":"faq","type":"tag"},{"name":"Browse","type":"capability"}],"startTime":"2018-04-03T11:57:37.424238400+08:00[Asia/Singapore]","duration":37554,"projectKey":"","sessionId":"ddbec7fb6fa21bf7f68cbb36ecf1920a","driver":"chrome:\u0027kallista\u0027","dataTable":{"headers":["keyword","name"],"rows":[{"values":["ingredient","Healthier Ingredient Development Scheme"],"result":"SUCCESS"},{"values":["service provider","Directory of Service Providers"],"result":"SUCCESS"}],"predefinedRows":true,"scenarioOutline":"Given \u0027Kallista\u0027 searches for \u003ckeyword\u003e within the faq section\r\nThen \u0027Kallista\u0027 should see the faq programme \u003cname\u003e displayed\r\n","dataSetDescriptors":[{"startRow":0,"rowCount":0,"name":"faq_terms","description":""}]},"manual":false,"testSource":"Cucumber","result":"SUCCESS"}