{"name":"Kallista creates a new page","id":"manages-content-in-the-sitefinity-cms;kallista-creates-a-new-page","testSteps":[{"number":1,"description":"* \u0027Kallista\u0027 creates a new page","duration":120291,"startTime":"2018-04-03T12:02:59.951310800+08:00[Asia/Singapore]","result":"SUCCESS","precondition":false,"children":[{"number":2,"description":"\u0027Kallista\u0027 opens the Sitefinity dashboard page","duration":15,"startTime":"2018-04-03T12:03:00.029439800+08:00[Asia/Singapore]","result":"IGNORED","precondition":false},{"number":3,"description":"\u0027Kallista\u0027 selects email in mode dropdown","duration":0,"startTime":"2018-04-03T12:04:00.107877100+08:00[Asia/Singapore]","result":"IGNORED","precondition":false}]}],"userStory":{"id":"manages-content-in-the-sitefinity-cms","storyName":"Manages Content in the Sitefinity CMS","path":"src/test/resources/features/cms/ManageContent.feature","narrative":"Users should be able to login to the Sitefinity CMS and manage the content for the HPB Corporate Website (Callisto)","type":"feature"},"featureTag":{"name":"Cms/Manages Content in the Sitefinity CMS","type":"feature"},"title":"Kallista creates a new page","description":"","tags":[{"name":"page","type":"tag"},{"name":"Cms","type":"capability"},{"name":"Cms/Manages content in the sitefinity cms","type":"feature"},{"name":"cms-uat","type":"tag"},{"name":"ignored","type":"tag"}],"startTime":"2018-04-03T12:02:59.935685400+08:00[Asia/Singapore]","duration":120308,"projectKey":"","annotatedResult":"IGNORED","manual":false,"testSource":"Cucumber","result":"IGNORED"}