"Story","Title","Result","Date","Stability","Duration (s)"
"Visit the HPB Corporate Website","Kallista searches for information on the website","SUCCESS","2018-04-03T11:55:29.625812600+08:00[Asia/Singapore]","0.0","44.16"
"Visit the HPB Corporate Website","Kallista sees the navigation menu","SUCCESS","2018-04-03T11:56:15.377639+08:00[Asia/Singapore]","0.0","36.59"
"Visit the HPB Corporate Website","Kallista sees the useful info tabs","SUCCESS","2018-04-03T11:56:53.512965500+08:00[Asia/Singapore]","0.0","25.51"
"Visit the HPB Corporate Website","Kallista reads articles found in the News Online for Workplaces section","SUCCESS","2018-04-03T11:57:20.551059300+08:00[Asia/Singapore]","0.0","14.98"
"Visit the HPB Corporate Website","Kallista wants to search the faqs within the corporate website and the gov ifaq website","SUCCESS","2018-04-03T11:57:37.424238400+08:00[Asia/Singapore]","0.0","37.55"
"Visit the HPB Corporate Website","Kallista submits a feedback","SUCCESS","2018-04-03T11:58:17.451455300+08:00[Asia/Singapore]","0.0","25.26"
"Visit the HPB Corporate Website","Kallista visits the about page","SUCCESS","2018-04-03T11:58:45.592061900+08:00[Asia/Singapore]","0.0","16.83"
"Visit the HPB Corporate Website","Kallista visits the workplace page","SUCCESS","2018-04-03T11:59:04.853909900+08:00[Asia/Singapore]","0.0","21.93"
"Visit the HPB Corporate Website","Kallista visits the schools page","SUCCESS","2018-04-03T11:59:29.155158600+08:00[Asia/Singapore]","0.0","28.21"
"Visit the HPB Corporate Website","Kallista visits the community page","SUCCESS","2018-04-03T11:59:59.708150400+08:00[Asia/Singapore]","0.0","28.04"
"Visit the HPB Corporate Website","Kallista visits the healthy living page","FAILURE","2018-04-03T12:00:30.945608700+08:00[Asia/Singapore]","0.0","20.11"
"Visit the HPB Corporate Website","Kallista visits the partnership page","SUCCESS","2018-04-03T12:00:54.987355700+08:00[Asia/Singapore]","0.0","41.09"
"Visit the HPB Corporate Website","Kallista visits the news page","SUCCESS","2018-04-03T12:01:39.217262800+08:00[Asia/Singapore]","0.0","24.16"
"Visit the HPB Corporate Website","Kallista submits the satisfaction poll","FAILURE","2018-04-03T12:02:06.909380700+08:00[Asia/Singapore]","0.0","48.86"
"Manages Content in the Sitefinity CMS","Kallista creates a new page","IGNORED","2018-04-03T12:02:59.935685400+08:00[Asia/Singapore]","0.0","120.31"
"Manages Content in the Sitefinity CMS","Unauthorised tries to log in to the CMS with wrong password @Skip","IGNORED","2018-04-03T12:05:00.457883900+08:00[Asia/Singapore]","0.0","120.74"
"Manages Content in the Sitefinity CMS","Unauthorised user tries to reset password @Skip","IGNORED","2018-04-03T12:07:01.526859800+08:00[Asia/Singapore]","0.0","0.11"
"Manages Content in the Sitefinity CMS","Kallista creates page in Sitefinity Cloud","IGNORED","2018-04-03T12:07:01.995636+08:00[Asia/Singapore]","0.0","0.11"
"Information that HPB wants to expose to public is displayed on the home page","User visits the HPB Corporate Website Home Page","IGNORED","2018-04-03T11:55:02.003919800+08:00[Asia/Singapore]","0.0","7.7"
"Information that HPB wants to expose to public is displayed on the home page","Click on any item in the main navigation","IGNORED","2018-04-03T11:55:25.377994800+08:00[Asia/Singapore]","0.0","3.3"
