{"name":"Kallista submits a feedback","id":"visit-the-hpb-corporate-website;kallista-submits-a-feedback","testSteps":[{"number":1,"description":"* \u0027Kallista\u0027 submits a feedback","duration":25249,"startTime":"2018-04-03T11:58:17.459620100+08:00[Asia/Singapore]","screenshots":[{"screenshot":"3595270b43c0f507f1206c73a39f3afc5c8f3c6e00c0def4d81f00aa2439a330.png"}],"result":"SUCCESS","precondition":false,"children":[{"number":2,"description":"\u0027Kallista\u0027 opens the Feedback page","duration":11996,"startTime":"2018-04-03T11:58:17.522118600+08:00[Asia/Singapore]","screenshots":[{"screenshot":"534e17b9970872e4c37a09288813aa755294a038d826b5e97218ea72e8a17580.png"}],"result":"SUCCESS","precondition":false},{"number":3,"description":"\u0027Kallista\u0027 selects Suggestions in category dropdown","duration":1980,"startTime":"2018-04-03T11:58:29.847589500+08:00[Asia/Singapore]","screenshots":[{"screenshot":"6584e65b78e4a60d0b01c213c1cbc62d04eca110356060fc9cbb35337b13d4d3.png"},{"screenshot":"0a8cfb526764a109f6e2c6a50d8e1261566913e8535c0523e97ae5da24492a26.png"}],"result":"SUCCESS","precondition":false},{"number":4,"description":"Then Show feedback form submission results should be \u0027Thank you for your feedback! We will take down your message and get back to you very soon!\u0027","duration":3015,"startTime":"2018-04-03T11:58:38.385803400+08:00[Asia/Singapore]","screenshots":[{"screenshot":"3595270b43c0f507f1206c73a39f3afc5c8f3c6e00c0def4d81f00aa2439a330.png"}],"result":"SUCCESS","precondition":false}]}],"userStory":{"id":"visit-the-hpb-corporate-website","storyName":"Visit the HPB Corporate Website","path":"src/test/resources/features/browse/CallistoVisitor.feature","narrative":"Users should see \"Home\", \"About\", \"Schools\", \"Community\", \"Healthy Living\", \"Partnerships\" in the main menu bar and search the website","type":"feature"},"featureTag":{"name":"Browse/Visit the HPB Corporate Website","type":"feature"},"title":"Kallista submits a feedback","description":"","tags":[{"name":"browse","type":"tag"},{"name":"Browse/Visit the hpb corporate website","type":"feature"},{"name":"Browse","type":"capability"},{"name":"feedback","type":"tag"}],"startTime":"2018-04-03T11:58:17.451455300+08:00[Asia/Singapore]","duration":25259,"projectKey":"","sessionId":"07cccfa0db9dc9458eb3bfe18dbbc396","driver":"chrome:\u0027kallista\u0027","manual":false,"testSource":"Cucumber","result":"SUCCESS"}