{"name":"Kallista visits the news page","id":"visit-the-hpb-corporate-website;kallista-visits-the-news-page","testSteps":[{"number":1,"description":"* \u0027Kallista\u0027 visits the news page","duration":24146,"startTime":"2018-04-03T12:01:39.232274600+08:00[Asia/Singapore]","screenshots":[{"screenshot":"158e8823c33eccad03897c1a14c06e6fe324b95ff1944c3490a66ea3e4717455.png"}],"result":"SUCCESS","precondition":false,"children":[{"number":2,"description":"\u0027Kallista\u0027 opens the News page","duration":12730,"startTime":"2018-04-03T12:01:39.270799+08:00[Asia/Singapore]","screenshots":[{"screenshot":"2ab97ff1ad762c8dcfec5cd5ea41910c9501a8d1c8ad46c31f7c17712919045b.png"}],"result":"SUCCESS","precondition":false},{"number":3,"description":"Then Show about intro text should be a string containing \u0027This section contains press releases issued by the Health Promotion Board.\u0027","duration":2288,"startTime":"2018-04-03T12:01:52.016961400+08:00[Asia/Singapore]","screenshots":[{"screenshot":"2ab97ff1ad762c8dcfec5cd5ea41910c9501a8d1c8ad46c31f7c17712919045b.png"}],"result":"SUCCESS","precondition":false},{"number":4,"description":"Then news cards shown in the news section should be a collection containing a string containing \u0027Singapore Health Award recognises 223 Recipients for Positively Impacting Workers\u0027 Health and Wellbeing\u0027","duration":1843,"startTime":"2018-04-03T12:01:54.431969200+08:00[Asia/Singapore]","screenshots":[{"screenshot":"158e8823c33eccad03897c1a14c06e6fe324b95ff1944c3490a66ea3e4717455.png"}],"result":"SUCCESS","precondition":false},{"number":5,"description":"Then news cards shown in the news section should be a collection containing a string containing \u0027Over 300,000 Workers given direct access to customised health and wellness programmes at their workplaces\u0027","duration":1399,"startTime":"2018-04-03T12:01:56.278573400+08:00[Asia/Singapore]","screenshots":[{"screenshot":"158e8823c33eccad03897c1a14c06e6fe324b95ff1944c3490a66ea3e4717455.png"}],"result":"SUCCESS","precondition":false},{"number":6,"description":"Then news cards shown in the news section should be a collection containing a string containing \u0027Healthier dining programme extended to include food in hawker centres and coffee shops\u0027","duration":1801,"startTime":"2018-04-03T12:01:57.681524100+08:00[Asia/Singapore]","screenshots":[{"screenshot":"158e8823c33eccad03897c1a14c06e6fe324b95ff1944c3490a66ea3e4717455.png"}],"result":"SUCCESS","precondition":false},{"number":7,"description":"Then news cards shown in the news section should be a collection containing a string containing \u0027National Steps Challenge\u0026trade; Season Two\u0027","duration":1541,"startTime":"2018-04-03T12:01:59.482774+08:00[Asia/Singapore]","screenshots":[{"screenshot":"158e8823c33eccad03897c1a14c06e6fe324b95ff1944c3490a66ea3e4717455.png"}],"result":"SUCCESS","precondition":false},{"number":8,"description":"Then news cards shown in the news section should be a collection containing a string containing \u0027Response to competition commission of Singapore\u0027s recommendations on formula milk\u0027","duration":1809,"startTime":"2018-04-03T12:02:01.024200400+08:00[Asia/Singapore]","screenshots":[{"screenshot":"158e8823c33eccad03897c1a14c06e6fe324b95ff1944c3490a66ea3e4717455.png"}],"result":"SUCCESS","precondition":false}]}],"userStory":{"id":"visit-the-hpb-corporate-website","storyName":"Visit the HPB Corporate Website","path":"src/test/resources/features/browse/CallistoVisitor.feature","narrative":"Users should see \"Home\", \"About\", \"Schools\", \"Community\", \"Healthy Living\", \"Partnerships\" in the main menu bar and search the website","type":"feature"},"featureTag":{"name":"Browse/Visit the HPB Corporate Website","type":"feature"},"title":"Kallista visits the news page","description":"","tags":[{"name":"browse","type":"tag"},{"name":"Browse/Visit the hpb corporate website","type":"feature"},{"name":"Browse","type":"capability"},{"name":"news","type":"tag"}],"startTime":"2018-04-03T12:01:39.217262800+08:00[Asia/Singapore]","duration":24162,"projectKey":"","sessionId":"8eb360ed32c2455464d42cc0d968ff8b","driver":"chrome:\u0027kallista\u0027","manual":false,"testSource":"Cucumber","result":"SUCCESS"}