{"name":"Kallista visits the partnership page","id":"visit-the-hpb-corporate-website;kallista-visits-the-partnership-page","testSteps":[{"number":1,"description":"* \u0027Kallista\u0027 visits the partnership page","duration":41074,"startTime":"2018-04-03T12:00:55.001363800+08:00[Asia/Singapore]","screenshots":[{"screenshot":"cc1785d831febac9e34f430e097177717b8d460da129f7c9c892a9a19197c689.png"}],"result":"SUCCESS","precondition":false,"children":[{"number":2,"description":"\u0027Kallista\u0027 opens the Partnership page","duration":28828,"startTime":"2018-04-03T12:00:55.069410+08:00[Asia/Singapore]","screenshots":[{"screenshot":"61bd3afd86b2ab5a0baab332a29f6e0163176ba8cefefb59872adf56572063a5.png"}],"result":"SUCCESS","precondition":false},{"number":3,"description":"Then Show about intro text should be a string containing \u0027Building a healthy nation is not a task we can accomplish solely on our own. We work with a variety of partners to run and co-create health promoting festivals and programmes.\u0027","duration":2522,"startTime":"2018-04-03T12:01:23.917624600+08:00[Asia/Singapore]","screenshots":[{"screenshot":"61bd3afd86b2ab5a0baab332a29f6e0163176ba8cefefb59872adf56572063a5.png"}],"result":"SUCCESS","precondition":false},{"number":4,"description":"Then tabs shown in the landing page should be a collection containing a string containing \u0027Partner Merchants\u0027","duration":2661,"startTime":"2018-04-03T12:01:26.583200+08:00[Asia/Singapore]","screenshots":[{"screenshot":"cc1785d831febac9e34f430e097177717b8d460da129f7c9c892a9a19197c689.png"}],"result":"SUCCESS","precondition":false},{"number":5,"description":"Then tabs shown in the landing page should be a collection containing a string containing \u0027Partnership Opportunities\u0027","duration":1986,"startTime":"2018-04-03T12:01:29.245126700+08:00[Asia/Singapore]","screenshots":[{"screenshot":"cc1785d831febac9e34f430e097177717b8d460da129f7c9c892a9a19197c689.png"}],"result":"SUCCESS","precondition":false},{"number":6,"description":"Then tabs shown in the landing page should be a collection containing a string containing \u0027Directory of Service Providers\u0027","duration":2000,"startTime":"2018-04-03T12:01:31.233295300+08:00[Asia/Singapore]","screenshots":[{"screenshot":"cc1785d831febac9e34f430e097177717b8d460da129f7c9c892a9a19197c689.png"}],"result":"SUCCESS","precondition":false},{"number":7,"description":"Then tabs shown in the landing page should be a collection containing a string containing \u0027Grants\u0027","duration":2003,"startTime":"2018-04-03T12:01:33.238145100+08:00[Asia/Singapore]","screenshots":[{"screenshot":"cc1785d831febac9e34f430e097177717b8d460da129f7c9c892a9a19197c689.png"}],"result":"SUCCESS","precondition":false}]}],"userStory":{"id":"visit-the-hpb-corporate-website","storyName":"Visit the HPB Corporate Website","path":"src/test/resources/features/browse/CallistoVisitor.feature","narrative":"Users should see \"Home\", \"About\", \"Schools\", \"Community\", \"Healthy Living\", \"Partnerships\" in the main menu bar and search the website","type":"feature"},"featureTag":{"name":"Browse/Visit the HPB Corporate Website","type":"feature"},"title":"Kallista visits the partnership page","description":"","tags":[{"name":"browse","type":"tag"},{"name":"Browse/Visit the hpb corporate website","type":"feature"},{"name":"Browse","type":"capability"},{"name":"partnership","type":"tag"}],"startTime":"2018-04-03T12:00:54.987355700+08:00[Asia/Singapore]","duration":41088,"projectKey":"","sessionId":"d16128d4c2c73f3c4bf6ccce849d4afe","driver":"chrome:\u0027kallista\u0027","manual":false,"testSource":"Cucumber","result":"SUCCESS"}