{"name":"Kallista sees the navigation menu","id":"visit-the-hpb-corporate-website;kallista-sees-the-navigation-menu","testSteps":[{"number":1,"description":"* \u0027Kallista\u0027 sees the navigation menu","duration":36577,"startTime":"2018-04-03T11:56:15.393261400+08:00[Asia/Singapore]","screenshots":[{"screenshot":"00af7d7b13f242d19465727ac88e5d0018324fcdabb13b2ca29e8ba1e48a1e6c.png"}],"result":"SUCCESS","precondition":false,"children":[{"number":2,"description":"\u0027Kallista\u0027 opens the Home page","duration":12832,"startTime":"2018-04-03T11:56:15.424514300+08:00[Asia/Singapore]","screenshots":[{"screenshot":"3cd193b77c9af8ea8fd4dd4890a95f28b3130a4870c6063eb42ff296899fdf10.png"}],"result":"SUCCESS","precondition":false},{"number":3,"description":"Then Show search results should be a collection containing a string containing \u0027Home\u0027","duration":3026,"startTime":"2018-04-03T11:56:28.283239700+08:00[Asia/Singapore]","screenshots":[{"screenshot":"3cd193b77c9af8ea8fd4dd4890a95f28b3130a4870c6063eb42ff296899fdf10.png"},{"screenshot":"6636a6332808f561246c6ec48161416bfe658c22424b2e33de3bfc3b0dad4d1e.png"}],"result":"SUCCESS","precondition":false},{"number":4,"description":"Then Show search results should be a collection containing a string containing \u0027About\u0027","duration":2444,"startTime":"2018-04-03T11:56:31.315610500+08:00[Asia/Singapore]","screenshots":[{"screenshot":"6636a6332808f561246c6ec48161416bfe658c22424b2e33de3bfc3b0dad4d1e.png"}],"result":"SUCCESS","precondition":false},{"number":5,"description":"Then Show search results should be a collection containing a string containing \u0027Workplace\u0027","duration":2836,"startTime":"2018-04-03T11:56:33.768602200+08:00[Asia/Singapore]","screenshots":[{"screenshot":"6636a6332808f561246c6ec48161416bfe658c22424b2e33de3bfc3b0dad4d1e.png"},{"screenshot":"44b9b87f02a6fc502f5e010c53856ed236f9268a8511afc50a1ac2714234c0dd.png"}],"result":"SUCCESS","precondition":false},{"number":6,"description":"Then Show search results should be a collection containing a string containing \u0027Schools\u0027","duration":3287,"startTime":"2018-04-03T11:56:36.620123700+08:00[Asia/Singapore]","screenshots":[{"screenshot":"c35b1198ea1ec9cdc99ee0c79260b177de66c57c46a4cfbfe85d137e9eef99e9.png"}],"result":"SUCCESS","precondition":false},{"number":7,"description":"Then Show search results should be a collection containing a string containing \u0027Community\u0027","duration":3228,"startTime":"2018-04-03T11:56:39.913318800+08:00[Asia/Singapore]","screenshots":[{"screenshot":"c35b1198ea1ec9cdc99ee0c79260b177de66c57c46a4cfbfe85d137e9eef99e9.png"},{"screenshot":"b6d79fc2f06fb0e45256961b67c819a857da94edc92b36b3c89b4c66b35c74cc.png"}],"result":"SUCCESS","precondition":false},{"number":8,"description":"Then Show search results should be a collection containing a string containing \u0027Healthy Living\u0027","duration":3539,"startTime":"2018-04-03T11:56:43.181806300+08:00[Asia/Singapore]","screenshots":[{"screenshot":"60d2b38c05c24ed0c9417bdcaee41b8ddeac42f2fe318127e282173181207ca0.png"}],"result":"SUCCESS","precondition":false},{"number":9,"description":"Then Show search results should be a collection containing a string containing \u0027Partnerships\u0027","duration":3485,"startTime":"2018-04-03T11:56:46.726167900+08:00[Asia/Singapore]","screenshots":[{"screenshot":"60d2b38c05c24ed0c9417bdcaee41b8ddeac42f2fe318127e282173181207ca0.png"},{"screenshot":"00af7d7b13f242d19465727ac88e5d0018324fcdabb13b2ca29e8ba1e48a1e6c.png"}],"result":"SUCCESS","precondition":false}]}],"userStory":{"id":"visit-the-hpb-corporate-website","storyName":"Visit the HPB Corporate Website","path":"src/test/resources/features/browse/CallistoVisitor.feature","narrative":"Users should see \"Home\", \"About\", \"Schools\", \"Community\", \"Healthy Living\", \"Partnerships\" in the main menu bar and search the website","type":"feature"},"featureTag":{"name":"Browse/Visit the HPB Corporate Website","type":"feature"},"title":"Kallista sees the navigation menu","description":"","tags":[{"name":"browse","type":"tag"},{"name":"Browse/Visit the hpb corporate website","type":"feature"},{"name":"main-nav","type":"tag"},{"name":"Browse","type":"capability"}],"startTime":"2018-04-03T11:56:15.377639+08:00[Asia/Singapore]","duration":36594,"projectKey":"","sessionId":"77199d5560b59150e8c473ed63340042","driver":"chrome:\u0027kallista\u0027","manual":false,"testSource":"Cucumber","result":"SUCCESS"}