{"name":"Kallista visits the community page","id":"visit-the-hpb-corporate-website;kallista-visits-the-community-page","testSteps":[{"number":1,"description":"* \u0027Kallista\u0027 visits the community page","duration":28042,"startTime":"2018-04-03T11:59:59.708150400+08:00[Asia/Singapore]","screenshots":[{"screenshot":"a1c42c501b841bcbd7d890fe8c94aab0e2ce385289847143e85a377a35f4919d.png"}],"result":"SUCCESS","precondition":false,"children":[{"number":2,"description":"\u0027Kallista\u0027 opens the Community page","duration":11755,"startTime":"2018-04-03T11:59:59.770653600+08:00[Asia/Singapore]","screenshots":[{"screenshot":"25b544d81fddd81c5f2fe9b3228143e21170243bd2865f3c78e8a1cde0eb2774.png"}],"result":"SUCCESS","precondition":false},{"number":3,"description":"Then Show about intro text should be a string containing \u0027By promoting the importance of healthy living anytime and anywhere, as envisioned in the Healthy Living Master Plan, HPB aims to drive sustainable behaviour change and ultimately foster a community that embraces healthy living!\u0027","duration":3082,"startTime":"2018-04-03T12:00:11.527052700+08:00[Asia/Singapore]","screenshots":[{"screenshot":"25b544d81fddd81c5f2fe9b3228143e21170243bd2865f3c78e8a1cde0eb2774.png"}],"result":"SUCCESS","precondition":false},{"number":4,"description":"Then tabs shown in the landing page should be a collection containing a string containing \u0027Healthcare Partners\u0027","duration":2839,"startTime":"2018-04-03T12:00:14.758687+08:00[Asia/Singapore]","screenshots":[{"screenshot":"a1c42c501b841bcbd7d890fe8c94aab0e2ce385289847143e85a377a35f4919d.png"}],"result":"SUCCESS","precondition":false},{"number":5,"description":"Then tabs shown in the landing page should be a collection containing a string containing \u0027Smoking Cessation Consultant Training\u0027","duration":2122,"startTime":"2018-04-03T12:00:17.598033400+08:00[Asia/Singapore]","screenshots":[{"screenshot":"a1c42c501b841bcbd7d890fe8c94aab0e2ce385289847143e85a377a35f4919d.png"}],"result":"SUCCESS","precondition":false},{"number":6,"description":"Then tabs shown in the landing page should be a collection containing a string containing \u0027Health Ambassadors\u0027","duration":2118,"startTime":"2018-04-03T12:00:19.720668100+08:00[Asia/Singapore]","screenshots":[{"screenshot":"a1c42c501b841bcbd7d890fe8c94aab0e2ce385289847143e85a377a35f4919d.png"}],"result":"SUCCESS","precondition":false},{"number":7,"description":"Then tabs shown in the landing page should be a collection containing a string containing \u0027Health Promoting Malls\u0027","duration":2415,"startTime":"2018-04-03T12:00:21.855183800+08:00[Asia/Singapore]","screenshots":[{"screenshot":"a1c42c501b841bcbd7d890fe8c94aab0e2ce385289847143e85a377a35f4919d.png"}],"result":"SUCCESS","precondition":false},{"number":8,"description":"Then tabs shown in the landing page should be a collection containing a string containing \u0027Festivals and Events\u0027","duration":2499,"startTime":"2018-04-03T12:00:24.274947900+08:00[Asia/Singapore]","screenshots":[{"screenshot":"a1c42c501b841bcbd7d890fe8c94aab0e2ce385289847143e85a377a35f4919d.png"}],"result":"SUCCESS","precondition":false}]}],"userStory":{"id":"visit-the-hpb-corporate-website","storyName":"Visit the HPB Corporate Website","path":"src/test/resources/features/browse/CallistoVisitor.feature","narrative":"Users should see \"Home\", \"About\", \"Schools\", \"Community\", \"Healthy Living\", \"Partnerships\" in the main menu bar and search the website","type":"feature"},"featureTag":{"name":"Browse/Visit the HPB Corporate Website","type":"feature"},"title":"Kallista visits the community page","description":"","tags":[{"name":"browse","type":"tag"},{"name":"Browse/Visit the hpb corporate website","type":"feature"},{"name":"community","type":"tag"},{"name":"Browse","type":"capability"}],"startTime":"2018-04-03T11:59:59.708150400+08:00[Asia/Singapore]","duration":28043,"projectKey":"","sessionId":"a5b22ff54cb9c346a6eda2098318aeed","driver":"chrome:\u0027kallista\u0027","manual":false,"testSource":"Cucumber","result":"SUCCESS"}