{"name":"Kallista visits the workplace page","id":"visit-the-hpb-corporate-website;kallista-visits-the-workplace-page","testSteps":[{"number":1,"description":"* \u0027Kallista\u0027 visits the workplace page","duration":21933,"startTime":"2018-04-03T11:59:04.853909900+08:00[Asia/Singapore]","screenshots":[{"screenshot":"ed46d952e6bf16069c422289850a4421113be9384ccc9185085351886e2739a5.png"}],"result":"SUCCESS","precondition":false,"children":[{"number":2,"description":"\u0027Kallista\u0027 opens the Workplace page","duration":10639,"startTime":"2018-04-03T11:59:04.900786500+08:00[Asia/Singapore]","screenshots":[{"screenshot":"3ee25047dc1ee36b86ba05a672da48727cb2c00420cea6140635dc7255a1b18b.png"}],"result":"SUCCESS","precondition":false},{"number":3,"description":"Then Show about intro text should be a string containing \u0027The workplace is where most adult Singaporeans spend a majority of their day at, and is thus a key setting for health promotion. Companies and organisations can have a positive influence on their employee\u0026rsquo;s health, through creating the right type of working environment.\u0027","duration":1876,"startTime":"2018-04-03T11:59:15.555786+08:00[Asia/Singapore]","screenshots":[{"screenshot":"3ee25047dc1ee36b86ba05a672da48727cb2c00420cea6140635dc7255a1b18b.png"}],"result":"SUCCESS","precondition":false},{"number":4,"description":"Then tabs shown in the landing page should be a collection containing a string containing \u0027Healthy Workplace Ecosystem\u0027","duration":2444,"startTime":"2018-04-03T11:59:17.569664900+08:00[Asia/Singapore]","screenshots":[{"screenshot":"ed46d952e6bf16069c422289850a4421113be9384ccc9185085351886e2739a5.png"}],"result":"SUCCESS","precondition":false},{"number":5,"description":"Then tabs shown in the landing page should be a collection containing a string containing \u0027Workplace Programmes\u0027","duration":1955,"startTime":"2018-04-03T11:59:20.013672400+08:00[Asia/Singapore]","screenshots":[{"screenshot":"ed46d952e6bf16069c422289850a4421113be9384ccc9185085351886e2739a5.png"}],"result":"SUCCESS","precondition":false},{"number":6,"description":"Then tabs shown in the landing page should be a collection containing a string containing \u0027Singapore HEALTH Award\u0027","duration":1977,"startTime":"2018-04-03T11:59:21.969646100+08:00[Asia/Singapore]","screenshots":[{"screenshot":"ed46d952e6bf16069c422289850a4421113be9384ccc9185085351886e2739a5.png"}],"result":"SUCCESS","precondition":false},{"number":7,"description":"Then tabs shown in the landing page should be a collection containing a string containing \u0027Useful Information for Organisations\u0027","duration":2017,"startTime":"2018-04-03T11:59:23.946770500+08:00[Asia/Singapore]","screenshots":[{"screenshot":"ed46d952e6bf16069c422289850a4421113be9384ccc9185085351886e2739a5.png"}],"result":"SUCCESS","precondition":false}]}],"userStory":{"id":"visit-the-hpb-corporate-website","storyName":"Visit the HPB Corporate Website","path":"src/test/resources/features/browse/CallistoVisitor.feature","narrative":"Users should see \"Home\", \"About\", \"Schools\", \"Community\", \"Healthy Living\", \"Partnerships\" in the main menu bar and search the website","type":"feature"},"featureTag":{"name":"Browse/Visit the HPB Corporate Website","type":"feature"},"title":"Kallista visits the workplace page","description":"","tags":[{"name":"browse","type":"tag"},{"name":"Browse/Visit the hpb corporate website","type":"feature"},{"name":"workplace","type":"tag"},{"name":"Browse","type":"capability"}],"startTime":"2018-04-03T11:59:04.853909900+08:00[Asia/Singapore]","duration":21933,"projectKey":"","sessionId":"76f62e63b5ff5b6aea4b1e0ea1ad52fb","driver":"chrome:\u0027kallista\u0027","manual":false,"testSource":"Cucumber","result":"SUCCESS"}