{"name":"Kallista searches for information on the website","id":"visit-the-hpb-corporate-website;kallista-searches-for-information-on-the-website","testSteps":[{"number":1,"description":"* \u0027Kallista\u0027 searches for \u0027Healthier Choice\u0027 using the website search","duration":35982,"startTime":"2018-04-03T12:45:48.524070800+08:00[Asia/Singapore]","screenshots":[{"screenshot":"b076910b19f93b8997834c577bb45838b71eea2642a1d5de31cc8d2fa41dabcd.png"}],"result":"SUCCESS","precondition":false,"children":[{"number":2,"description":"\u0027Kallista\u0027 opens the Home page","duration":22658,"startTime":"2018-04-03T12:45:48.961594500+08:00[Asia/Singapore]","screenshots":[{"screenshot":"4482339aa4120783d8317c904047c389329775c4cb59171e6a1f0f8d84499b50.png"}],"result":"SUCCESS","precondition":false},{"number":3,"description":"\u0027Kallista\u0027 enters \u0027\u0027Healthier Choice\u0027\u0027 into search field","duration":9895,"startTime":"2018-04-03T12:46:12.198094100+08:00[Asia/Singapore]","screenshots":[{"screenshot":"15554077f375c0d08035a2b5d0ad18f8bfe9987b66a8706834f3a1a59001829a.png"},{"screenshot":"b076910b19f93b8997834c577bb45838b71eea2642a1d5de31cc8d2fa41dabcd.png"}],"result":"SUCCESS","precondition":false},{"number":4,"description":"Then Show search results should be \u0027For more health information, tips and tricks, visit HealthHub.\u0027","duration":1668,"startTime":"2018-04-03T12:46:22.174637+08:00[Asia/Singapore]","screenshots":[{"screenshot":"b076910b19f93b8997834c577bb45838b71eea2642a1d5de31cc8d2fa41dabcd.png"}],"result":"SUCCESS","precondition":false}]}],"userStory":{"id":"visit-the-hpb-corporate-website","storyName":"Visit the HPB Corporate Website","path":"src/test/resources/features/browse/CallistoVisitor.feature","narrative":"Users should see \"Home\", \"About\", \"Schools\", \"Community\", \"Healthy Living\", \"Partnerships\" in the main menu bar and search the website","type":"feature"},"featureTag":{"name":"Browse/Visit the HPB Corporate Website","type":"feature"},"title":"Kallista searches for information on the website","description":"","tags":[{"name":"browse","type":"tag"},{"name":"Browse/Visit the hpb corporate website","type":"feature"},{"name":"search","type":"tag"},{"name":"Browse","type":"capability"}],"startTime":"2018-04-03T12:45:48.477194200+08:00[Asia/Singapore]","duration":36029,"projectKey":"","sessionId":"ca1dbe2b5e314610574fa737a82b6728","driver":"chrome:\u0027kallista\u0027","manual":false,"testSource":"Cucumber","result":"SUCCESS"}