"Story","Title","Result","Date","Stability","Duration (s)"
"Visit the HPB Corporate Website","Kallista searches for information on the website","SUCCESS","2018-04-03T12:45:48.477194200+08:00[Asia/Singapore]","0.0","36.03"
"Visit the HPB Corporate Website","Kallista sees the navigation menu","SUCCESS","2018-04-03T12:46:26.477436300+08:00[Asia/Singapore]","0.0","42.23"
"Visit the HPB Corporate Website","Kallista sees the useful info tabs","SUCCESS","2018-04-03T12:47:10.897139600+08:00[Asia/Singapore]","0.0","27.13"
"Visit the HPB Corporate Website","Kallista reads articles found in the News Online for Workplaces section","SUCCESS","2018-04-03T12:47:39.722481300+08:00[Asia/Singapore]","0.0","16.51"
"Visit the HPB Corporate Website","Kallista wants to search the faqs within the corporate website and the gov ifaq website","SUCCESS","2018-04-03T12:47:58.323410100+08:00[Asia/Singapore]","0.0","40.59"
"Visit the HPB Corporate Website","Kallista submits a feedback","SUCCESS","2018-04-03T12:48:41.592905100+08:00[Asia/Singapore]","0.0","28.32"
"Visit the HPB Corporate Website","Kallista visits the about page","SUCCESS","2018-04-03T12:49:12.616214700+08:00[Asia/Singapore]","0.0","43.02"
"Visit the HPB Corporate Website","Kallista visits the workplace page","SUCCESS","2018-04-03T12:49:58.465046400+08:00[Asia/Singapore]","0.0","22.77"
"Visit the HPB Corporate Website","Kallista visits the schools page","FAILURE","2018-04-03T12:50:23.756580500+08:00[Asia/Singapore]","0.0","19.7"
"Visit the HPB Corporate Website","Kallista visits the community page","SUCCESS","2018-04-03T12:50:47.608810200+08:00[Asia/Singapore]","0.0","28.36"
"Visit the HPB Corporate Website","Kallista visits the healthy living page","SUCCESS","2018-04-03T12:51:19.393855800+08:00[Asia/Singapore]","0.0","27.96"
"Visit the HPB Corporate Website","Kallista visits the partnership page","SUCCESS","2018-04-03T12:51:50.004934500+08:00[Asia/Singapore]","0.0","25.06"
"Visit the HPB Corporate Website","Kallista visits the news page","SUCCESS","2018-04-03T12:52:17.538062600+08:00[Asia/Singapore]","0.0","21.67"
"Visit the HPB Corporate Website","Kallista submits the satisfaction poll","FAILURE","2018-04-03T12:52:42.163663400+08:00[Asia/Singapore]","0.0","43.4"
