{"name":"Kallista visits the healthy living page","id":"visit-the-hpb-corporate-website;kallista-visits-the-healthy-living-page","testSteps":[{"number":1,"description":"* \u0027Kallista\u0027 visits the healthy living page","duration":27946,"startTime":"2018-04-03T12:51:19.409480700+08:00[Asia/Singapore]","screenshots":[{"screenshot":"bf68c82283c5fee36f984dc837d3813399ca6862032f1c08b970440271b55c79.png"}],"result":"SUCCESS","precondition":false,"children":[{"number":2,"description":"\u0027Kallista\u0027 opens the Healthy living page","duration":14707,"startTime":"2018-04-03T12:51:19.456361600+08:00[Asia/Singapore]","screenshots":[{"screenshot":"4d15bc60bef3a2c74ab6272ac912309d9be51a9729296808dc9b88843542faee.png"}],"result":"SUCCESS","precondition":false},{"number":3,"description":"Then Show about intro text should be a string containing \u0027At Health Promotion Board, we promote a holistic approach to leading a healthy lifestyle. This includes staying physically active while maintaining a balanced diet, and going for regular screening. Take a look around this section for a better understanding of the various types of work that we do!\u0027","duration":3277,"startTime":"2018-04-03T12:51:34.179451700+08:00[Asia/Singapore]","screenshots":[{"screenshot":"cbb226cd9724c8e6c7308078fb3804426684387c29974e4517f6977e007fe72e.png"}],"result":"SUCCESS","precondition":false},{"number":4,"description":"Then tabs shown in the landing page should be a collection containing a string containing \u0027Substance Abuse\u0027","duration":2737,"startTime":"2018-04-03T12:51:37.601026400+08:00[Asia/Singapore]","screenshots":[{"screenshot":"bf68c82283c5fee36f984dc837d3813399ca6862032f1c08b970440271b55c79.png"}],"result":"SUCCESS","precondition":false},{"number":5,"description":"Then tabs shown in the landing page should be a collection containing a string containing \u0027Food \u0026 Beverage\u0027","duration":2036,"startTime":"2018-04-03T12:51:40.338359+08:00[Asia/Singapore]","screenshots":[{"screenshot":"bf68c82283c5fee36f984dc837d3813399ca6862032f1c08b970440271b55c79.png"}],"result":"SUCCESS","precondition":false},{"number":6,"description":"Then tabs shown in the landing page should be a collection containing a string containing \u0027Physical Activity\u0027","duration":1985,"startTime":"2018-04-03T12:51:42.375054800+08:00[Asia/Singapore]","screenshots":[{"screenshot":"bf68c82283c5fee36f984dc837d3813399ca6862032f1c08b970440271b55c79.png"}],"result":"SUCCESS","precondition":false},{"number":7,"description":"Then tabs shown in the landing page should be a collection containing a string containing \u0027Preventive Health\u0027","duration":2061,"startTime":"2018-04-03T12:51:44.360679400+08:00[Asia/Singapore]","screenshots":[{"screenshot":"bf68c82283c5fee36f984dc837d3813399ca6862032f1c08b970440271b55c79.png"}],"result":"SUCCESS","precondition":false}]}],"userStory":{"id":"visit-the-hpb-corporate-website","storyName":"Visit the HPB Corporate Website","path":"src/test/resources/features/browse/CallistoVisitor.feature","narrative":"Users should see \"Home\", \"About\", \"Schools\", \"Community\", \"Healthy Living\", \"Partnerships\" in the main menu bar and search the website","type":"feature"},"featureTag":{"name":"Browse/Visit the HPB Corporate Website","type":"feature"},"title":"Kallista visits the healthy living page","description":"","tags":[{"name":"browse","type":"tag"},{"name":"Browse/Visit the hpb corporate website","type":"feature"},{"name":"Browse","type":"capability"},{"name":"healthy-living","type":"tag"}],"startTime":"2018-04-03T12:51:19.393855800+08:00[Asia/Singapore]","duration":27961,"projectKey":"","sessionId":"68e51bb8357a65ba9b69c12fb1f2e51b","driver":"chrome:\u0027kallista\u0027","manual":false,"testSource":"Cucumber","result":"SUCCESS"}