"Story","Title","Result","Date","Stability","Duration (s)"
"Manages Content in the Sitefinity CMS","Kallista creates a new page","IGNORED","2018-04-03T12:53:29.765282500+08:00[Asia/Singapore]","0.0","120.84"
"Manages Content in the Sitefinity CMS","Unauthorised tries to log in to the CMS with wrong password @Skip","IGNORED","2018-04-03T12:55:30.874857200+08:00[Asia/Singapore]","0.0","120.76"
"Manages Content in the Sitefinity CMS","Unauthorised user tries to reset password @Skip","IGNORED","2018-04-03T12:57:31.993903700+08:00[Asia/Singapore]","0.0","0.09"
"Manages Content in the Sitefinity CMS","Kallista creates page in Sitefinity Cloud","IGNORED","2018-04-03T12:57:32.400175+08:00[Asia/Singapore]","0.0","0.14"
