{"name":"Kallista sees the useful info tabs","id":"visit-the-hpb-corporate-website;kallista-sees-the-useful-info-tabs","testSteps":[{"number":1,"description":"* \u0027Kallista\u0027 sees the useful info tabs","duration":27112,"startTime":"2018-04-03T12:47:10.912767500+08:00[Asia/Singapore]","screenshots":[{"screenshot":"130be66597be9174e32bf4e0abb191a5e63c4528f321d53cb112c8954d3819d7.png"}],"result":"SUCCESS","precondition":false,"children":[{"number":2,"description":"\u0027Kallista\u0027 opens the Home page","duration":13245,"startTime":"2018-04-03T12:47:10.944021300+08:00[Asia/Singapore]","screenshots":[{"screenshot":"4482339aa4120783d8317c904047c389329775c4cb59171e6a1f0f8d84499b50.png"}],"result":"SUCCESS","precondition":false},{"number":3,"description":"Then tabs shown in the landing page should be a collection containing a string containing \u0027Educators and Parents\u0027","duration":3329,"startTime":"2018-04-03T12:47:24.649652800+08:00[Asia/Singapore]","screenshots":[{"screenshot":"130be66597be9174e32bf4e0abb191a5e63c4528f321d53cb112c8954d3819d7.png"}],"result":"SUCCESS","precondition":false},{"number":4,"description":"Then tabs shown in the landing page should be a collection containing a string containing \u0027Community Partners\u0027","duration":2779,"startTime":"2018-04-03T12:47:27.984343+08:00[Asia/Singapore]","screenshots":[{"screenshot":"130be66597be9174e32bf4e0abb191a5e63c4528f321d53cb112c8954d3819d7.png"}],"result":"SUCCESS","precondition":false},{"number":5,"description":"Then tabs shown in the landing page should be a collection containing a string containing \u0027Corporate Partners\u0027","duration":2948,"startTime":"2018-04-03T12:47:30.768881+08:00[Asia/Singapore]","screenshots":[{"screenshot":"130be66597be9174e32bf4e0abb191a5e63c4528f321d53cb112c8954d3819d7.png"}],"result":"SUCCESS","precondition":false},{"number":6,"description":"Then tabs shown in the landing page should be a collection containing a string containing \u0027Grant Applicants\u0027","duration":2913,"startTime":"2018-04-03T12:47:33.724525800+08:00[Asia/Singapore]","screenshots":[{"screenshot":"130be66597be9174e32bf4e0abb191a5e63c4528f321d53cb112c8954d3819d7.png"}],"result":"SUCCESS","precondition":false}]}],"userStory":{"id":"visit-the-hpb-corporate-website","storyName":"Visit the HPB Corporate Website","path":"src/test/resources/features/browse/CallistoVisitor.feature","narrative":"Users should see \"Home\", \"About\", \"Schools\", \"Community\", \"Healthy Living\", \"Partnerships\" in the main menu bar and search the website","type":"feature"},"featureTag":{"name":"Browse/Visit the HPB Corporate Website","type":"feature"},"title":"Kallista sees the useful info tabs","description":"","tags":[{"name":"browse","type":"tag"},{"name":"Browse/Visit the hpb corporate website","type":"feature"},{"name":"Browse","type":"capability"},{"name":"useful-info","type":"tag"}],"startTime":"2018-04-03T12:47:10.897139600+08:00[Asia/Singapore]","duration":27128,"projectKey":"","sessionId":"e349c2a8d62042b851ce7575eda9a9a0","driver":"chrome:\u0027kallista\u0027","manual":false,"testSource":"Cucumber","result":"SUCCESS"}