{"name":"Unauthorised user tries to reset password @Skip","id":"manages-content-in-the-sitefinity-cms;unauthorised-user-tries-to-reset-password-@skip","testSteps":[{"number":1,"description":"* \u0027Unauthorised\u0027 tries to reset password","duration":78,"startTime":"2018-04-03T12:57:32.009531600+08:00[Asia/Singapore]","result":"SUCCESS","precondition":false,"children":[{"number":2,"description":"\u0027Unauthorised\u0027 opens the Sitefinity dashboard page","duration":0,"startTime":"2018-04-03T12:57:32.025154900+08:00[Asia/Singapore]","result":"IGNORED","precondition":false},{"number":3,"description":"Then Show feedback form submission results should be a string containing \u0027An email with a link to reset your password has been sent to your email.\u0027","duration":0,"startTime":"2018-04-03T12:57:32.087658100+08:00[Asia/Singapore]","result":"IGNORED","precondition":false}]}],"userStory":{"id":"manages-content-in-the-sitefinity-cms","storyName":"Manages Content in the Sitefinity CMS","path":"src/test/resources/features/cms/ManageContent.feature","narrative":"Users should be able to login to the Sitefinity CMS and manage the content for the HPB Corporate Website (Callisto)","type":"feature"},"featureTag":{"name":"Cms/Manages Content in the Sitefinity CMS","type":"feature"},"title":"Unauthorised user tries to reset password @Skip","description":"","tags":[{"name":"reset-fail","type":"tag"},{"name":"Cms","type":"capability"},{"name":"Cms/Manages content in the sitefinity cms","type":"feature"},{"name":"cms-uat","type":"tag"},{"name":"ignored","type":"tag"}],"startTime":"2018-04-03T12:57:31.993903700+08:00[Asia/Singapore]","duration":93,"projectKey":"","annotatedResult":"IGNORED","manual":false,"testSource":"Cucumber","result":"IGNORED"}