{"name":"Kallista reads articles found in the News Online for Workplaces section","id":"visit-the-hpb-corporate-website;kallista-reads-articles-found-in-the-news-online-for-workplaces-section","testSteps":[{"number":1,"description":"* \u0027Kallista\u0027 wants to read N.O.W Issues","duration":16497,"startTime":"2018-04-03T12:47:39.738108800+08:00[Asia/Singapore]","screenshots":[{"screenshot":"43a7b2f0423658219a7d522dd5d0d017f232cfd06dcf516b9ce48ae37f0576ca.png"}],"result":"SUCCESS","precondition":false,"children":[{"number":2,"description":"\u0027Kallista\u0027 opens the Now landing page","duration":11789,"startTime":"2018-04-03T12:47:39.845400800+08:00[Asia/Singapore]","screenshots":[{"screenshot":"80a8fcbad2f2e9811d9a1106dd27b0d3dc09fb4c7aca9728495b32827df5cf1f.png"}],"result":"SUCCESS","precondition":false},{"number":3,"description":"Then tabs shown in the landing page should be a collection containing a string containing \u0027N.O.W Issue 1\u0027","duration":1949,"startTime":"2018-04-03T12:47:51.837629400+08:00[Asia/Singapore]","screenshots":[{"screenshot":"43a7b2f0423658219a7d522dd5d0d017f232cfd06dcf516b9ce48ae37f0576ca.png"}],"result":"SUCCESS","precondition":false},{"number":4,"description":"Then tabs shown in the landing page should be a collection containing a string containing \u0027N.O.W Issue 2\u0027","duration":1736,"startTime":"2018-04-03T12:47:53.786634700+08:00[Asia/Singapore]","screenshots":[{"screenshot":"43a7b2f0423658219a7d522dd5d0d017f232cfd06dcf516b9ce48ae37f0576ca.png"}],"result":"SUCCESS","precondition":false}]}],"userStory":{"id":"visit-the-hpb-corporate-website","storyName":"Visit the HPB Corporate Website","path":"src/test/resources/features/browse/CallistoVisitor.feature","narrative":"Users should see \"Home\", \"About\", \"Schools\", \"Community\", \"Healthy Living\", \"Partnerships\" in the main menu bar and search the website","type":"feature"},"featureTag":{"name":"Browse/Visit the HPB Corporate Website","type":"feature"},"title":"Kallista reads articles found in the News Online for Workplaces section","description":"","tags":[{"name":"browse","type":"tag"},{"name":"now","type":"tag"},{"name":"Browse/Visit the hpb corporate website","type":"feature"},{"name":"Browse","type":"capability"}],"startTime":"2018-04-03T12:47:39.722481300+08:00[Asia/Singapore]","duration":16513,"projectKey":"","sessionId":"07772d0de95ffbe0d5fb38a2e00b3b21","driver":"chrome:\u0027kallista\u0027","manual":false,"testSource":"Cucumber","result":"SUCCESS"}