{"name":"Kallista wants to search the faqs within the corporate website and the gov ifaq website","id":"visit-the-hpb-corporate-website;kallista-wants-to-search-the-faqs-within-the-corporate-website-and-the-gov-ifaq-website;faq-terms;2","testSteps":[{"number":1,"description":"Kallista wants to search the faqs within the corporate website and the gov ifaq website #1: {keyword\u003dingredient, name\u003dHealthier Ingredient Development Scheme}","duration":20578,"startTime":"2018-04-03T12:47:58.339034200+08:00[Asia/Singapore]","screenshots":[{"screenshot":"fa8dcb5ef343988e390d6cebaf0df695ffc07027c4c54f0c9ce1d02c4a8c0de3.png"}],"result":"SUCCESS","precondition":false,"children":[{"number":2,"description":"Given \u0027Kallista\u0027 searches for ingredient within the faq section","duration":15950,"startTime":"2018-04-03T12:47:58.339034200+08:00[Asia/Singapore]","screenshots":[{"screenshot":"e18bc4794529c645ada54e6eb11f8d52e647370e851994cf87451626eb9c09bd.png"}],"result":"SUCCESS","precondition":false,"children":[{"number":3,"description":"\u0027Kallista\u0027 opens the Faq page","duration":12141,"startTime":"2018-04-03T12:47:58.417164100+08:00[Asia/Singapore]","screenshots":[{"screenshot":"acedd0476c011253ecff3743cb3d6ec91be6b69ae754c7c41bed84dd2019ee80.png"}],"result":"SUCCESS","precondition":false},{"number":4,"description":"\u0027Kallista\u0027 enters \u0027ingredient\u0027 into search field","duration":2675,"startTime":"2018-04-03T12:48:10.605389500+08:00[Asia/Singapore]","screenshots":[{"screenshot":"acedd0476c011253ecff3743cb3d6ec91be6b69ae754c7c41bed84dd2019ee80.png"},{"screenshot":"e77f1967395bd90ae9e8112e256e1b84703142f618778ac7bb9a92549ff09d52.png"}],"result":"SUCCESS","precondition":false}]},{"number":5,"description":"Then \u0027Kallista\u0027 should see the faq programme Healthier Ingredient Development Scheme displayed","duration":3668,"startTime":"2018-04-03T12:48:14.289501600+08:00[Asia/Singapore]","screenshots":[{"screenshot":"e18bc4794529c645ada54e6eb11f8d52e647370e851994cf87451626eb9c09bd.png"},{"screenshot":"fa8dcb5ef343988e390d6cebaf0df695ffc07027c4c54f0c9ce1d02c4a8c0de3.png"}],"result":"SUCCESS","precondition":false,"children":[{"number":6,"description":"Then Show search results should be \u0027Healthier Ingredient Development Scheme\u0027","duration":1870,"startTime":"2018-04-03T12:48:15.315472800+08:00[Asia/Singapore]","screenshots":[{"screenshot":"e18bc4794529c645ada54e6eb11f8d52e647370e851994cf87451626eb9c09bd.png"}],"result":"SUCCESS","precondition":false}]}]},{"number":7,"description":"Kallista wants to search the faqs within the corporate website and the gov ifaq website #2: {keyword\u003dservice provider, name\u003dDirectory of Service Providers}","duration":19442,"startTime":"2018-04-03T12:48:19.476155900+08:00[Asia/Singapore]","screenshots":[{"screenshot":"d8ad9b7fd0144d54a76b9c1820c91e4b97e21863fb9ed520078c2cd3aa3c55c8.png"}],"result":"SUCCESS","precondition":false,"children":[{"number":8,"description":"Given \u0027Kallista\u0027 searches for service provider within the faq section","duration":14922,"startTime":"2018-04-03T12:48:19.491783500+08:00[Asia/Singapore]","screenshots":[{"screenshot":"d8ad9b7fd0144d54a76b9c1820c91e4b97e21863fb9ed520078c2cd3aa3c55c8.png"}],"result":"SUCCESS","precondition":false,"children":[{"number":9,"description":"\u0027Kallista\u0027 opens the Faq page","duration":11401,"startTime":"2018-04-03T12:48:19.507408+08:00[Asia/Singapore]","screenshots":[{"screenshot":"acedd0476c011253ecff3743cb3d6ec91be6b69ae754c7c41bed84dd2019ee80.png"}],"result":"SUCCESS","precondition":false},{"number":10,"description":"\u0027Kallista\u0027 enters \u0027service provider\u0027 into search field","duration":2652,"startTime":"2018-04-03T12:48:30.936313600+08:00[Asia/Singapore]","screenshots":[{"screenshot":"acedd0476c011253ecff3743cb3d6ec91be6b69ae754c7c41bed84dd2019ee80.png"},{"screenshot":"90e4ef8979fa17cb6ab1d97d40f64755da631fbfff8b513413e5af9291377837.png"}],"result":"SUCCESS","precondition":false}]},{"number":11,"description":"Then \u0027Kallista\u0027 should see the faq programme Directory of Service Providers displayed","duration":3713,"startTime":"2018-04-03T12:48:34.414082500+08:00[Asia/Singapore]","screenshots":[{"screenshot":"de3548e4e14f2e7c497316605b81f6e5005fcf31a4eb4f27ba8ec5ad7a191ce5.png"}],"result":"SUCCESS","precondition":false,"children":[{"number":12,"description":"Then Show search results should be \u0027Directory of Service Providers\u0027","duration":2035,"startTime":"2018-04-03T12:48:35.331335+08:00[Asia/Singapore]","screenshots":[{"screenshot":"de3548e4e14f2e7c497316605b81f6e5005fcf31a4eb4f27ba8ec5ad7a191ce5.png"}],"result":"SUCCESS","precondition":false}]}]}],"userStory":{"id":"visit-the-hpb-corporate-website","storyName":"Visit the HPB Corporate Website","path":"src/test/resources/features/browse/CallistoVisitor.feature","narrative":"Users should see \"Home\", \"About\", \"Schools\", \"Community\", \"Healthy Living\", \"Partnerships\" in the main menu bar and search the website","type":"feature"},"featureTag":{"name":"Browse/Visit the HPB Corporate Website","type":"feature"},"title":"Kallista wants to search the faqs within the corporate website and the gov ifaq website","description":"","tags":[{"name":"browse","type":"tag"},{"name":"Browse/Visit the hpb corporate website","type":"feature"},{"name":"faq","type":"tag"},{"name":"Browse","type":"capability"}],"startTime":"2018-04-03T12:47:58.323410100+08:00[Asia/Singapore]","duration":40594,"projectKey":"","sessionId":"928b6c468ac7deb1b2a0368534356ba2","driver":"chrome:\u0027kallista\u0027","dataTable":{"headers":["keyword","name"],"rows":[{"values":["ingredient","Healthier Ingredient Development Scheme"],"result":"SUCCESS"},{"values":["service provider","Directory of Service Providers"],"result":"SUCCESS"}],"predefinedRows":true,"scenarioOutline":"Given \u0027Kallista\u0027 searches for \u003ckeyword\u003e within the faq section\r\nThen \u0027Kallista\u0027 should see the faq programme \u003cname\u003e displayed\r\n","dataSetDescriptors":[{"startRow":0,"rowCount":0,"name":"faq_terms","description":""}]},"manual":false,"testSource":"Cucumber","result":"SUCCESS"}