{"name":"Kallista creates page in Sitefinity Cloud","id":"manages-content-in-the-sitefinity-cms;kallista-creates-page-in-sitefinity-cloud","testSteps":[{"number":1,"description":"* \u0027Kallista\u0027 creates page in sitefinity cloud","duration":140,"startTime":"2018-04-03T12:57:32.400175+08:00[Asia/Singapore]","result":"SUCCESS","precondition":false,"children":[{"number":2,"description":"\u0027Kallista\u0027 opens the Sitefinity cloud dashboard page","duration":0,"startTime":"2018-04-03T12:57:32.447053600+08:00[Asia/Singapore]","result":"IGNORED","precondition":false}]}],"userStory":{"id":"manages-content-in-the-sitefinity-cms","storyName":"Manages Content in the Sitefinity CMS","path":"src/test/resources/features/cms/ManageContent.feature","narrative":"Users should be able to login to the Sitefinity CMS and manage the content for the HPB Corporate Website (Callisto)","type":"feature"},"featureTag":{"name":"Cms/Manages Content in the Sitefinity CMS","type":"feature"},"title":"Kallista creates page in Sitefinity Cloud","description":"","tags":[{"name":"page-cloud","type":"tag"},{"name":"Cms","type":"capability"},{"name":"Cms/Manages content in the sitefinity cms","type":"feature"},{"name":"cms-uat","type":"tag"},{"name":"ignored","type":"tag"}],"startTime":"2018-04-03T12:57:32.400175+08:00[Asia/Singapore]","duration":140,"projectKey":"","annotatedResult":"IGNORED","manual":false,"testSource":"Cucumber","result":"IGNORED"}