{"name":"Kallista submits a feedback","id":"visit-the-hpb-corporate-website;kallista-submits-a-feedback","testSteps":[{"number":1,"description":"* \u0027Kallista\u0027 submits a feedback","duration":28299,"startTime":"2018-04-03T12:48:41.608530500+08:00[Asia/Singapore]","screenshots":[{"screenshot":"4e0f83a82b52452e3fd0a0fc5922b3ea7d8099ca7100cf599707ebbdd8854483.png"}],"result":"SUCCESS","precondition":false,"children":[{"number":2,"description":"\u0027Kallista\u0027 opens the Feedback page","duration":13110,"startTime":"2018-04-03T12:48:41.698006800+08:00[Asia/Singapore]","screenshots":[{"screenshot":"3881a621ae4499291737429037d7b47f18a468cef0f7eb2257420cb1335dcd44.png"}],"result":"SUCCESS","precondition":false},{"number":3,"description":"\u0027Kallista\u0027 selects Suggestions in category dropdown","duration":2311,"startTime":"2018-04-03T12:48:55.208577100+08:00[Asia/Singapore]","screenshots":[{"screenshot":"e6ac83fcc9399a3980db4e92ca29c6b3f109b12fd6a0328b85dfbc6205a2a02e.png"},{"screenshot":"ca4ea0a0c4e97ae0dec2aa9cda720bb5d057f5b064f02e27bce2f65962ad0435.png"}],"result":"SUCCESS","precondition":false},{"number":4,"description":"Then Show feedback form submission results should be \u0027Thank you for your feedback! We will take down your message and get back to you very soon!\u0027","duration":3083,"startTime":"2018-04-03T12:49:05.518166400+08:00[Asia/Singapore]","screenshots":[{"screenshot":"4e0f83a82b52452e3fd0a0fc5922b3ea7d8099ca7100cf599707ebbdd8854483.png"}],"result":"SUCCESS","precondition":false}]}],"userStory":{"id":"visit-the-hpb-corporate-website","storyName":"Visit the HPB Corporate Website","path":"src/test/resources/features/browse/CallistoVisitor.feature","narrative":"Users should see \"Home\", \"About\", \"Schools\", \"Community\", \"Healthy Living\", \"Partnerships\" in the main menu bar and search the website","type":"feature"},"featureTag":{"name":"Browse/Visit the HPB Corporate Website","type":"feature"},"title":"Kallista submits a feedback","description":"","tags":[{"name":"browse","type":"tag"},{"name":"Browse/Visit the hpb corporate website","type":"feature"},{"name":"Browse","type":"capability"},{"name":"feedback","type":"tag"}],"startTime":"2018-04-03T12:48:41.592905100+08:00[Asia/Singapore]","duration":28317,"projectKey":"","sessionId":"2da43f075f75b83f4f52eb8e5ee96168","driver":"chrome:\u0027kallista\u0027","manual":false,"testSource":"Cucumber","result":"SUCCESS"}