{"name":"Unauthorised tries to log in to the CMS with wrong password @Skip","id":"manages-content-in-the-sitefinity-cms;unauthorised-tries-to-log-in-to-the-cms-with-wrong-password-@skip","testSteps":[{"number":1,"description":"* \u0027Unauthorised\u0027 tries to log in to the CMS with wrong password","duration":120744,"startTime":"2018-04-03T12:55:30.890482600+08:00[Asia/Singapore]","result":"SUCCESS","precondition":false,"children":[{"number":2,"description":"\u0027Unauthorised\u0027 opens the Sitefinity dashboard page","duration":15,"startTime":"2018-04-03T12:55:30.921738+08:00[Asia/Singapore]","result":"IGNORED","precondition":false},{"number":3,"description":"\u0027Unauthorised\u0027 selects email in mode dropdown","duration":0,"startTime":"2018-04-03T12:56:31.265290200+08:00[Asia/Singapore]","result":"IGNORED","precondition":false},{"number":4,"description":"Then Show feedback form submission results should be a string containing \u0027Incorrect username and password combination\u0027","duration":0,"startTime":"2018-04-03T12:57:31.634509+08:00[Asia/Singapore]","result":"IGNORED","precondition":false}]}],"userStory":{"id":"manages-content-in-the-sitefinity-cms","storyName":"Manages Content in the Sitefinity CMS","path":"src/test/resources/features/cms/ManageContent.feature","narrative":"Users should be able to login to the Sitefinity CMS and manage the content for the HPB Corporate Website (Callisto)","type":"feature"},"featureTag":{"name":"Cms/Manages Content in the Sitefinity CMS","type":"feature"},"title":"Unauthorised tries to log in to the CMS with wrong password @Skip","description":"","tags":[{"name":"login-fail","type":"tag"},{"name":"Cms","type":"capability"},{"name":"Cms/Manages content in the sitefinity cms","type":"feature"},{"name":"cms-uat","type":"tag"},{"name":"ignored","type":"tag"}],"startTime":"2018-04-03T12:55:30.874857200+08:00[Asia/Singapore]","duration":120759,"projectKey":"","annotatedResult":"IGNORED","manual":false,"testSource":"Cucumber","result":"IGNORED"}