{"name":"Kallista visits the news page","id":"visit-the-hpb-corporate-website;kallista-visits-the-news-page","testSteps":[{"number":1,"description":"* \u0027Kallista\u0027 visits the news page","duration":21653,"startTime":"2018-04-03T12:52:17.553689700+08:00[Asia/Singapore]","screenshots":[{"screenshot":"d2bcf028ea9154344d12241b3223d79d5c3719ea10d412fa7ba1089df40a5d4a.png"}],"result":"SUCCESS","precondition":false,"children":[{"number":2,"description":"\u0027Kallista\u0027 opens the News page","duration":11178,"startTime":"2018-04-03T12:52:17.600570500+08:00[Asia/Singapore]","screenshots":[{"screenshot":"7bc3c9189f46328741afa1dd33daaf27f4df6b636ca65ef4e776ad589e429979.png"}],"result":"SUCCESS","precondition":false},{"number":3,"description":"Then Show about intro text should be a string containing \u0027This section contains press releases issued by the Health Promotion Board.\u0027","duration":2352,"startTime":"2018-04-03T12:52:28.794416800+08:00[Asia/Singapore]","screenshots":[{"screenshot":"7bc3c9189f46328741afa1dd33daaf27f4df6b636ca65ef4e776ad589e429979.png"}],"result":"SUCCESS","precondition":false},{"number":4,"description":"Then news cards shown in the news section should be a collection containing a string containing \u0027Singapore Health Award recognises 223 Recipients for Positively Impacting Workers\u0027 Health and Wellbeing\u0027","duration":1910,"startTime":"2018-04-03T12:52:31.303383100+08:00[Asia/Singapore]","screenshots":[{"screenshot":"d2bcf028ea9154344d12241b3223d79d5c3719ea10d412fa7ba1089df40a5d4a.png"}],"result":"SUCCESS","precondition":false},{"number":5,"description":"Then news cards shown in the news section should be a collection containing a string containing \u0027Over 300,000 Workers given direct access to customised health and wellness programmes at their workplaces\u0027","duration":1412,"startTime":"2018-04-03T12:52:33.214303600+08:00[Asia/Singapore]","screenshots":[{"screenshot":"d2bcf028ea9154344d12241b3223d79d5c3719ea10d412fa7ba1089df40a5d4a.png"}],"result":"SUCCESS","precondition":false},{"number":6,"description":"Then news cards shown in the news section should be a collection containing a string containing \u0027Healthier dining programme extended to include food in hawker centres and coffee shops\u0027","duration":1364,"startTime":"2018-04-03T12:52:34.626581900+08:00[Asia/Singapore]","screenshots":[{"screenshot":"d2bcf028ea9154344d12241b3223d79d5c3719ea10d412fa7ba1089df40a5d4a.png"}],"result":"SUCCESS","precondition":false},{"number":7,"description":"Then news cards shown in the news section should be a collection containing a string containing \u0027National Steps Challenge\u0026trade; Season Two\u0027","duration":1363,"startTime":"2018-04-03T12:52:35.991428100+08:00[Asia/Singapore]","screenshots":[{"screenshot":"d2bcf028ea9154344d12241b3223d79d5c3719ea10d412fa7ba1089df40a5d4a.png"}],"result":"SUCCESS","precondition":false},{"number":8,"description":"Then news cards shown in the news section should be a collection containing a string containing \u0027Response to competition commission of Singapore\u0027s recommendations on formula milk\u0027","duration":1334,"startTime":"2018-04-03T12:52:37.354679200+08:00[Asia/Singapore]","screenshots":[{"screenshot":"d2bcf028ea9154344d12241b3223d79d5c3719ea10d412fa7ba1089df40a5d4a.png"}],"result":"SUCCESS","precondition":false}]}],"userStory":{"id":"visit-the-hpb-corporate-website","storyName":"Visit the HPB Corporate Website","path":"src/test/resources/features/browse/CallistoVisitor.feature","narrative":"Users should see \"Home\", \"About\", \"Schools\", \"Community\", \"Healthy Living\", \"Partnerships\" in the main menu bar and search the website","type":"feature"},"featureTag":{"name":"Browse/Visit the HPB Corporate Website","type":"feature"},"title":"Kallista visits the news page","description":"","tags":[{"name":"browse","type":"tag"},{"name":"Browse/Visit the hpb corporate website","type":"feature"},{"name":"Browse","type":"capability"},{"name":"news","type":"tag"}],"startTime":"2018-04-03T12:52:17.538062600+08:00[Asia/Singapore]","duration":21668,"projectKey":"","sessionId":"c3a759a850c9024d963b3402f0a1116f","driver":"chrome:\u0027kallista\u0027","manual":false,"testSource":"Cucumber","result":"SUCCESS"}