{"name":"Kallista visits the partnership page","id":"visit-the-hpb-corporate-website;kallista-visits-the-partnership-page","testSteps":[{"number":1,"description":"* \u0027Kallista\u0027 visits the partnership page","duration":25044,"startTime":"2018-04-03T12:51:50.020559500+08:00[Asia/Singapore]","screenshots":[{"screenshot":"82a47a842394dc184ddb2634476636b2c9312d95ab810b3256ffb1261b40d1a0.png"}],"result":"SUCCESS","precondition":false,"children":[{"number":2,"description":"\u0027Kallista\u0027 opens the Partnership page","duration":12755,"startTime":"2018-04-03T12:51:50.067438200+08:00[Asia/Singapore]","screenshots":[{"screenshot":"7cde15861569edc0a00d8fb12c60fbc3d61521840c48d74899a5a881de1fa9d5.png"}],"result":"SUCCESS","precondition":false},{"number":3,"description":"Then Show about intro text should be a string containing \u0027Building a healthy nation is not a task we can accomplish solely on our own. We work with a variety of partners to run and co-create health promoting festivals and programmes.\u0027","duration":2549,"startTime":"2018-04-03T12:52:02.822903800+08:00[Asia/Singapore]","screenshots":[{"screenshot":"7cde15861569edc0a00d8fb12c60fbc3d61521840c48d74899a5a881de1fa9d5.png"}],"result":"SUCCESS","precondition":false},{"number":4,"description":"Then tabs shown in the landing page should be a collection containing a string containing \u0027Partner Merchants\u0027","duration":2752,"startTime":"2018-04-03T12:52:05.511671100+08:00[Asia/Singapore]","screenshots":[{"screenshot":"82a47a842394dc184ddb2634476636b2c9312d95ab810b3256ffb1261b40d1a0.png"}],"result":"SUCCESS","precondition":false},{"number":5,"description":"Then tabs shown in the landing page should be a collection containing a string containing \u0027Partnership Opportunities\u0027","duration":1969,"startTime":"2018-04-03T12:52:08.266519200+08:00[Asia/Singapore]","screenshots":[{"screenshot":"82a47a842394dc184ddb2634476636b2c9312d95ab810b3256ffb1261b40d1a0.png"}],"result":"SUCCESS","precondition":false},{"number":6,"description":"Then tabs shown in the landing page should be a collection containing a string containing \u0027Directory of Service Providers\u0027","duration":1988,"startTime":"2018-04-03T12:52:10.235735400+08:00[Asia/Singapore]","screenshots":[{"screenshot":"82a47a842394dc184ddb2634476636b2c9312d95ab810b3256ffb1261b40d1a0.png"}],"result":"SUCCESS","precondition":false},{"number":7,"description":"Then tabs shown in the landing page should be a collection containing a string containing \u0027Grants\u0027","duration":1989,"startTime":"2018-04-03T12:52:12.227864800+08:00[Asia/Singapore]","screenshots":[{"screenshot":"82a47a842394dc184ddb2634476636b2c9312d95ab810b3256ffb1261b40d1a0.png"}],"result":"SUCCESS","precondition":false}]}],"userStory":{"id":"visit-the-hpb-corporate-website","storyName":"Visit the HPB Corporate Website","path":"src/test/resources/features/browse/CallistoVisitor.feature","narrative":"Users should see \"Home\", \"About\", \"Schools\", \"Community\", \"Healthy Living\", \"Partnerships\" in the main menu bar and search the website","type":"feature"},"featureTag":{"name":"Browse/Visit the HPB Corporate Website","type":"feature"},"title":"Kallista visits the partnership page","description":"","tags":[{"name":"browse","type":"tag"},{"name":"Browse/Visit the hpb corporate website","type":"feature"},{"name":"Browse","type":"capability"},{"name":"partnership","type":"tag"}],"startTime":"2018-04-03T12:51:50.004934500+08:00[Asia/Singapore]","duration":25060,"projectKey":"","sessionId":"53485cbfdc1b12eced03765646b7c0a7","driver":"chrome:\u0027kallista\u0027","manual":false,"testSource":"Cucumber","result":"SUCCESS"}