{"name":"Kallista sees the navigation menu","id":"visit-the-hpb-corporate-website;kallista-sees-the-navigation-menu","testSteps":[{"number":1,"description":"* \u0027Kallista\u0027 sees the navigation menu","duration":42211,"startTime":"2018-04-03T12:46:26.493059500+08:00[Asia/Singapore]","screenshots":[{"screenshot":"42582674204390026260cd0ea8eae4fa86c61ee7f3487de1bd859ef59799022e.png"}],"result":"SUCCESS","precondition":false,"children":[{"number":2,"description":"\u0027Kallista\u0027 opens the Home page","duration":16660,"startTime":"2018-04-03T12:46:26.541687700+08:00[Asia/Singapore]","screenshots":[{"screenshot":"4482339aa4120783d8317c904047c389329775c4cb59171e6a1f0f8d84499b50.png"}],"result":"SUCCESS","precondition":false},{"number":3,"description":"Then Show search results should be a collection containing a string containing \u0027Home\u0027","duration":3160,"startTime":"2018-04-03T12:46:43.237305300+08:00[Asia/Singapore]","screenshots":[{"screenshot":"15554077f375c0d08035a2b5d0ad18f8bfe9987b66a8706834f3a1a59001829a.png"}],"result":"SUCCESS","precondition":false},{"number":4,"description":"Then Show search results should be a collection containing a string containing \u0027About\u0027","duration":2961,"startTime":"2018-04-03T12:46:46.403422+08:00[Asia/Singapore]","screenshots":[{"screenshot":"15554077f375c0d08035a2b5d0ad18f8bfe9987b66a8706834f3a1a59001829a.png"},{"screenshot":"49b418ae02902a017298da228e191a3c6cfa70c94c79badae05b0163b86c0b92.png"}],"result":"SUCCESS","precondition":false},{"number":5,"description":"Then Show search results should be a collection containing a string containing \u0027Workplace\u0027","duration":3567,"startTime":"2018-04-03T12:46:49.379264400+08:00[Asia/Singapore]","screenshots":[{"screenshot":"4f0b8637b8a610d8c2d8682d75644adffc46988a2b6aebe5ad6aab27778145d0.png"}],"result":"SUCCESS","precondition":false},{"number":6,"description":"Then Show search results should be a collection containing a string containing \u0027Schools\u0027","duration":3628,"startTime":"2018-04-03T12:46:52.957649200+08:00[Asia/Singapore]","screenshots":[{"screenshot":"4f0b8637b8a610d8c2d8682d75644adffc46988a2b6aebe5ad6aab27778145d0.png"},{"screenshot":"f3f839567a3fdb797a05b3b26bd0d4a7b5a1584cf4f017c3d46dbeae66d783bb.png"}],"result":"SUCCESS","precondition":false},{"number":7,"description":"Then Show search results should be a collection containing a string containing \u0027Community\u0027","duration":3342,"startTime":"2018-04-03T12:46:56.592057100+08:00[Asia/Singapore]","screenshots":[{"screenshot":"f3f839567a3fdb797a05b3b26bd0d4a7b5a1584cf4f017c3d46dbeae66d783bb.png"}],"result":"SUCCESS","precondition":false},{"number":8,"description":"Then Show search results should be a collection containing a string containing \u0027Healthy Living\u0027","duration":3923,"startTime":"2018-04-03T12:46:59.942619900+08:00[Asia/Singapore]","screenshots":[{"screenshot":"c8b3a6096184f935fb90a000be5eb09f0025b5cc3c14f5c0f32f15c204472263.png"},{"screenshot":"1ca4105b1dc0823172d4c3f8747d912b7d40c11105791aa1af8717d028aecbd1.png"}],"result":"SUCCESS","precondition":false},{"number":9,"description":"Then Show search results should be a collection containing a string containing \u0027Partnerships\u0027","duration":3468,"startTime":"2018-04-03T12:47:03.874240600+08:00[Asia/Singapore]","screenshots":[{"screenshot":"1ca4105b1dc0823172d4c3f8747d912b7d40c11105791aa1af8717d028aecbd1.png"},{"screenshot":"31c22007359ca29f6ecf4c15bc5abcd2e61dab501725bf850f467999d3d1fc9d.png"}],"result":"SUCCESS","precondition":false}]}],"userStory":{"id":"visit-the-hpb-corporate-website","storyName":"Visit the HPB Corporate Website","path":"src/test/resources/features/browse/CallistoVisitor.feature","narrative":"Users should see \"Home\", \"About\", \"Schools\", \"Community\", \"Healthy Living\", \"Partnerships\" in the main menu bar and search the website","type":"feature"},"featureTag":{"name":"Browse/Visit the HPB Corporate Website","type":"feature"},"title":"Kallista sees the navigation menu","description":"","tags":[{"name":"browse","type":"tag"},{"name":"Browse/Visit the hpb corporate website","type":"feature"},{"name":"main-nav","type":"tag"},{"name":"Browse","type":"capability"}],"startTime":"2018-04-03T12:46:26.477436300+08:00[Asia/Singapore]","duration":42228,"projectKey":"","sessionId":"15d2e5a399d4001443903a7cfb2e221f","driver":"chrome:\u0027kallista\u0027","manual":false,"testSource":"Cucumber","result":"SUCCESS"}