{"name":"Kallista visits the community page","id":"visit-the-hpb-corporate-website;kallista-visits-the-community-page","testSteps":[{"number":1,"description":"* \u0027Kallista\u0027 visits the community page","duration":28362,"startTime":"2018-04-03T12:50:47.608810200+08:00[Asia/Singapore]","screenshots":[{"screenshot":"371defce7164c2eb993f3f0bc6006b518b264d3807a8f0ea6a1fddf7a576007f.png"}],"result":"SUCCESS","precondition":false,"children":[{"number":2,"description":"\u0027Kallista\u0027 opens the Community page","duration":12444,"startTime":"2018-04-03T12:50:47.686943500+08:00[Asia/Singapore]","screenshots":[{"screenshot":"afb2b5c54f271abe8cebf03a4f2030100df51d8156a0b473bc2ece7c5ee3753a.png"}],"result":"SUCCESS","precondition":false},{"number":3,"description":"Then Show about intro text should be a string containing \u0027By promoting the importance of healthy living anytime and anywhere, as envisioned in the Healthy Living Master Plan, HPB aims to drive sustainable behaviour change and ultimately foster a community that embraces healthy living!\u0027","duration":3183,"startTime":"2018-04-03T12:51:00.131619400+08:00[Asia/Singapore]","screenshots":[{"screenshot":"afb2b5c54f271abe8cebf03a4f2030100df51d8156a0b473bc2ece7c5ee3753a.png"}],"result":"SUCCESS","precondition":false},{"number":4,"description":"Then tabs shown in the landing page should be a collection containing a string containing \u0027Healthcare Partners\u0027","duration":2923,"startTime":"2018-04-03T12:51:03.562461300+08:00[Asia/Singapore]","screenshots":[{"screenshot":"371defce7164c2eb993f3f0bc6006b518b264d3807a8f0ea6a1fddf7a576007f.png"}],"result":"SUCCESS","precondition":false},{"number":5,"description":"Then tabs shown in the landing page should be a collection containing a string containing \u0027Smoking Cessation Consultant Training\u0027","duration":2135,"startTime":"2018-04-03T12:51:06.485820500+08:00[Asia/Singapore]","screenshots":[{"screenshot":"371defce7164c2eb993f3f0bc6006b518b264d3807a8f0ea6a1fddf7a576007f.png"}],"result":"SUCCESS","precondition":false},{"number":6,"description":"Then tabs shown in the landing page should be a collection containing a string containing \u0027Health Ambassadors\u0027","duration":2153,"startTime":"2018-04-03T12:51:08.620902+08:00[Asia/Singapore]","screenshots":[{"screenshot":"371defce7164c2eb993f3f0bc6006b518b264d3807a8f0ea6a1fddf7a576007f.png"}],"result":"SUCCESS","precondition":false},{"number":7,"description":"Then tabs shown in the landing page should be a collection containing a string containing \u0027Health Promoting Malls\u0027","duration":2163,"startTime":"2018-04-03T12:51:10.774885900+08:00[Asia/Singapore]","screenshots":[{"screenshot":"371defce7164c2eb993f3f0bc6006b518b264d3807a8f0ea6a1fddf7a576007f.png"}],"result":"SUCCESS","precondition":false},{"number":8,"description":"Then tabs shown in the landing page should be a collection containing a string containing \u0027Festivals and Events\u0027","duration":2131,"startTime":"2018-04-03T12:51:12.953800+08:00[Asia/Singapore]","screenshots":[{"screenshot":"371defce7164c2eb993f3f0bc6006b518b264d3807a8f0ea6a1fddf7a576007f.png"}],"result":"SUCCESS","precondition":false}]}],"userStory":{"id":"visit-the-hpb-corporate-website","storyName":"Visit the HPB Corporate Website","path":"src/test/resources/features/browse/CallistoVisitor.feature","narrative":"Users should see \"Home\", \"About\", \"Schools\", \"Community\", \"Healthy Living\", \"Partnerships\" in the main menu bar and search the website","type":"feature"},"featureTag":{"name":"Browse/Visit the HPB Corporate Website","type":"feature"},"title":"Kallista visits the community page","description":"","tags":[{"name":"browse","type":"tag"},{"name":"Browse/Visit the hpb corporate website","type":"feature"},{"name":"community","type":"tag"},{"name":"Browse","type":"capability"}],"startTime":"2018-04-03T12:50:47.608810200+08:00[Asia/Singapore]","duration":28362,"projectKey":"","sessionId":"09be4efef76ba7b718367fc327b8026e","driver":"chrome:\u0027kallista\u0027","manual":false,"testSource":"Cucumber","result":"SUCCESS"}