{"name":"Click on any item in the main navigation","id":"information-that-hpb-wants-to-expose-to-public-is-displayed-on-the-home-page;click-on-any-item-in-the-main-navigation","testSteps":[{"number":1,"description":"* user sees the About section in the website","duration":3302,"startTime":"2018-04-03T12:45:44.159286600+08:00[Asia/Singapore]","result":"SUCCESS","precondition":false,"children":[{"number":2,"description":"Goes to home","duration":15,"startTime":"2018-04-03T12:45:44.190538200+08:00[Asia/Singapore]","result":"IGNORED","precondition":false},{"number":3,"description":"Sees main nav bar","duration":3239,"startTime":"2018-04-03T12:45:44.206163600+08:00[Asia/Singapore]","result":"IGNORED","precondition":false}]}],"userStory":{"id":"information-that-hpb-wants-to-expose-to-public-is-displayed-on-the-home-page","storyName":"Information that HPB wants to expose to public is displayed on the home page","path":"src/test/resources/features/visit_homepage/BrowseHomepage.feature","narrative":"Users need to be able to view the main navigation, useful info sections, testimonials, Programs on the home page","type":"feature"},"featureTag":{"name":"Visit homepage/Information that HPB wants to expose to public is displayed on the home page","type":"feature"},"title":"Click on any item in the main navigation","description":"","tags":[{"name":"Visit homepage","type":"capability"},{"name":"Visit homepage/Information that hpb wants to expose to public is displayed on the home page","type":"feature"},{"name":"ignored","type":"tag"}],"startTime":"2018-04-03T12:45:44.128032800+08:00[Asia/Singapore]","duration":3333,"projectKey":"","annotatedResult":"IGNORED","driver":"chrome","manual":false,"testSource":"Cucumber","result":"IGNORED"}