{"name":"Kallista visits the workplace page","id":"visit-the-hpb-corporate-website;kallista-visits-the-workplace-page","testSteps":[{"number":1,"description":"* \u0027Kallista\u0027 visits the workplace page","duration":22756,"startTime":"2018-04-03T12:49:58.477556900+08:00[Asia/Singapore]","screenshots":[{"screenshot":"7608f5d297197230bee7be0f5feadc34fd4c7fd10acf10ed04c03148ed6cc6f5.png"}],"result":"SUCCESS","precondition":false,"children":[{"number":2,"description":"\u0027Kallista\u0027 opens the Workplace page","duration":11295,"startTime":"2018-04-03T12:49:58.526089700+08:00[Asia/Singapore]","screenshots":[{"screenshot":"7c6e22f5854a1a24ab7f02f14537f31a01c7191f471a1451c2df947f6363a65f.png"}],"result":"SUCCESS","precondition":false},{"number":3,"description":"Then Show about intro text should be a string containing \u0027The workplace is where most adult Singaporeans spend a majority of their day at, and is thus a key setting for health promotion. Companies and organisations can have a positive influence on their employee\u0026rsquo;s health, through creating the right type of working environment.\u0027","duration":1881,"startTime":"2018-04-03T12:50:09.830883+08:00[Asia/Singapore]","screenshots":[{"screenshot":"7c6e22f5854a1a24ab7f02f14537f31a01c7191f471a1451c2df947f6363a65f.png"}],"result":"SUCCESS","precondition":false},{"number":4,"description":"Then tabs shown in the landing page should be a collection containing a string containing \u0027Healthy Workplace Ecosystem\u0027","duration":2518,"startTime":"2018-04-03T12:50:11.850747100+08:00[Asia/Singapore]","screenshots":[{"screenshot":"7608f5d297197230bee7be0f5feadc34fd4c7fd10acf10ed04c03148ed6cc6f5.png"}],"result":"SUCCESS","precondition":false},{"number":5,"description":"Then tabs shown in the landing page should be a collection containing a string containing \u0027Workplace Programmes\u0027","duration":2052,"startTime":"2018-04-03T12:50:14.369702100+08:00[Asia/Singapore]","screenshots":[{"screenshot":"7608f5d297197230bee7be0f5feadc34fd4c7fd10acf10ed04c03148ed6cc6f5.png"}],"result":"SUCCESS","precondition":false},{"number":6,"description":"Then tabs shown in the landing page should be a collection containing a string containing \u0027Singapore HEALTH Award\u0027","duration":1968,"startTime":"2018-04-03T12:50:16.421746200+08:00[Asia/Singapore]","screenshots":[{"screenshot":"7608f5d297197230bee7be0f5feadc34fd4c7fd10acf10ed04c03148ed6cc6f5.png"}],"result":"SUCCESS","precondition":false},{"number":7,"description":"Then tabs shown in the landing page should be a collection containing a string containing \u0027Useful Information for Organisations\u0027","duration":1999,"startTime":"2018-04-03T12:50:18.390129400+08:00[Asia/Singapore]","screenshots":[{"screenshot":"7608f5d297197230bee7be0f5feadc34fd4c7fd10acf10ed04c03148ed6cc6f5.png"}],"result":"SUCCESS","precondition":false}]}],"userStory":{"id":"visit-the-hpb-corporate-website","storyName":"Visit the HPB Corporate Website","path":"src/test/resources/features/browse/CallistoVisitor.feature","narrative":"Users should see \"Home\", \"About\", \"Schools\", \"Community\", \"Healthy Living\", \"Partnerships\" in the main menu bar and search the website","type":"feature"},"featureTag":{"name":"Browse/Visit the HPB Corporate Website","type":"feature"},"title":"Kallista visits the workplace page","description":"","tags":[{"name":"browse","type":"tag"},{"name":"Browse/Visit the hpb corporate website","type":"feature"},{"name":"workplace","type":"tag"},{"name":"Browse","type":"capability"}],"startTime":"2018-04-03T12:49:58.465046400+08:00[Asia/Singapore]","duration":22769,"projectKey":"","sessionId":"45526afe0c6782a23097d2f382faa2a9","driver":"chrome:\u0027kallista\u0027","manual":false,"testSource":"Cucumber","result":"SUCCESS"}