{"name":"Kallista searches for information on the website","id":"visit-the-hpb-corporate-website;kallista-searches-for-information-on-the-website","testSteps":[{"number":1,"description":"* \u0027Kallista\u0027 searches for \u0027Healthier Choice\u0027 using the website search","duration":40773,"startTime":"2018-02-26T05:45:36.947359600+08:00[Asia/Singapore]","screenshots":[{"screenshot":"7132d831132b8109af78b8638dc6c0d42ba2f653d40f1fa87fdc40c74a4309f5.png"}],"result":"SUCCESS","precondition":false,"children":[{"number":2,"description":"\u0027Kallista\u0027 opens the Home page","duration":27609,"startTime":"2018-02-26T05:45:37.887319200+08:00[Asia/Singapore]","screenshots":[{"screenshot":"6670477d22281ae60f9c61b382c5f0d57a586563630d2b7d319f849015be1bab.png"}],"result":"SUCCESS","precondition":false},{"number":3,"description":"\u0027Kallista\u0027 enters \u0027\u0027Healthier Choice\u0027\u0027 into search field","duration":9463,"startTime":"2018-02-26T05:46:06.090315100+08:00[Asia/Singapore]","screenshots":[{"screenshot":"262f1d06a5eca5df3b474bb3e5e5d13fc7e01f7ad73936d18bdabeabdf83b732.png"},{"screenshot":"7132d831132b8109af78b8638dc6c0d42ba2f653d40f1fa87fdc40c74a4309f5.png"}],"result":"SUCCESS","precondition":false},{"number":4,"description":"Then Show search results should be \u0027For more health information, tips and tricks, visit HealthHub.\u0027","duration":1492,"startTime":"2018-02-26T05:46:15.671176400+08:00[Asia/Singapore]","screenshots":[{"screenshot":"7132d831132b8109af78b8638dc6c0d42ba2f653d40f1fa87fdc40c74a4309f5.png"}],"result":"SUCCESS","precondition":false}]}],"userStory":{"id":"visit-the-hpb-corporate-website","storyName":"Visit the HPB Corporate Website","path":"src/test/resources/features/browse/CallistoVisitor.feature","narrative":"Users should see \"Home\", \"About\", \"Schools\", \"Community\", \"Healthy Living\", \"Partnerships\" in the main menu bar and search the website","type":"feature"},"featureTag":{"name":"Browse/Visit the HPB Corporate Website","type":"feature"},"title":"Kallista searches for information on the website","description":"","tags":[{"name":"browse","type":"tag"},{"name":"Browse/Visit the hpb corporate website","type":"feature"},{"name":"search","type":"tag"},{"name":"Browse","type":"capability"}],"startTime":"2018-02-26T05:45:36.889321300+08:00[Asia/Singapore]","duration":40832,"projectKey":"","sessionId":"24fe71e998c6cd7b46ebf9df079ff406","driver":"chrome:\u0027kallista\u0027","manual":false,"testSource":"Cucumber","result":"SUCCESS"}