{"name":"Kallista visits the healthy living page","id":"visit-the-hpb-corporate-website;kallista-visits-the-healthy-living-page","testSteps":[{"number":1,"description":"* \u0027Kallista\u0027 visits the healthy living page","duration":38009,"startTime":"2018-02-26T05:54:56.191457700+08:00[Asia/Singapore]","exception":{"errorType":"java.lang.AssertionError","message":"\nExpected: a collection containing a string containing \"Food \u0026 Beverage\"\n     but: was \"Substance Abuse\", was \"Physical Activity\", was \"Preventive Health\"","stackTrace":[{"classLoaderName":"app","declaringClass":"sg.four.serenity.callisto.steps.CallistoVisitorSteps","methodName":"visits_the_healthy_living_page","fileName":"CallistoVisitorSteps.java","lineNumber":138,"format":1},{"declaringClass":"✽","methodName":"* \u0027Kallista\u0027 visits the healthy living page","fileName":"src/test/resources/features/browse/CallistoVisitor.feature","lineNumber":53,"format":0}]},"result":"FAILURE","precondition":false,"children":[{"number":2,"description":"\u0027Kallista\u0027 opens the Healthy living page","duration":28490,"startTime":"2018-02-26T05:54:56.231983400+08:00[Asia/Singapore]","screenshots":[{"screenshot":"ab93133ed6bda7720de38664311e783aabecae400aebb4d4a99cca49f33c528b.png"}],"result":"SUCCESS","precondition":false},{"number":3,"description":"Then Show about intro text should be a string containing \u0027At Health Promotion Board, we promote a holistic approach to leading a healthy lifestyle. This includes staying physically active while maintaining a balanced diet, and going for regular screening. Take a look around this section for a better understanding of the various types of work that we do!\u0027","duration":3900,"startTime":"2018-02-26T05:55:24.732380900+08:00[Asia/Singapore]","screenshots":[{"screenshot":"ab93133ed6bda7720de38664311e783aabecae400aebb4d4a99cca49f33c528b.png"}],"result":"SUCCESS","precondition":false},{"number":4,"description":"Then tabs shown in the landing page should be a collection containing a string containing \u0027Substance Abuse\u0027","duration":2864,"startTime":"2018-02-26T05:55:28.787381600+08:00[Asia/Singapore]","screenshots":[{"screenshot":"bf44385d9a0ebb3de47f7961b85ff123d6730b8c5af0fb1587e2bce5f66669b2.png"}],"result":"SUCCESS","precondition":false},{"number":5,"description":"Then tabs shown in the landing page should be a collection containing a string containing \u0027Food \u0026 Beverage\u0027","duration":2466,"startTime":"2018-02-26T05:55:31.656959300+08:00[Asia/Singapore]","screenshots":[{"screenshot":"bf44385d9a0ebb3de47f7961b85ff123d6730b8c5af0fb1587e2bce5f66669b2.png"},{"screenshot":"bf44385d9a0ebb3de47f7961b85ff123d6730b8c5af0fb1587e2bce5f66669b2.png","htmlSource":"pagesource12836220721089794202.html.txt"}],"exception":{"errorType":"java.lang.AssertionError","message":"\nExpected: a collection containing a string containing \"Food \u0026 Beverage\"\n     but: was \"Substance Abuse\", was \"Physical Activity\", was \"Preventive Health\"","stackTrace":[{"classLoaderName":"app","declaringClass":"sg.four.serenity.callisto.steps.CallistoVisitorSteps","methodName":"visits_the_healthy_living_page","fileName":"CallistoVisitorSteps.java","lineNumber":138,"format":1},{"moduleName":"java.base","moduleVersion":"9","declaringClass":"jdk.internal.reflect.NativeMethodAccessorImpl","methodName":"invoke0","fileName":"NativeMethodAccessorImpl.java","lineNumber":-2,"format":2},{"moduleName":"java.base","moduleVersion":"9","declaringClass":"jdk.internal.reflect.NativeMethodAccessorImpl","methodName":"invoke","fileName":"NativeMethodAccessorImpl.java","lineNumber":62,"format":2},{"moduleName":"java.base","moduleVersion":"9","declaringClass":"jdk.internal.reflect.DelegatingMethodAccessorImpl","methodName":"invoke","fileName":"DelegatingMethodAccessorImpl.java","lineNumber":43,"format":2}]},"result":"FAILURE","precondition":false}]}],"userStory":{"id":"visit-the-hpb-corporate-website","storyName":"Visit the HPB Corporate Website","path":"src/test/resources/features/browse/CallistoVisitor.feature","narrative":"Users should see \"Home\", \"About\", \"Schools\", \"Community\", \"Healthy Living\", \"Partnerships\" in the main menu bar and search the website","type":"feature"},"featureTag":{"name":"Browse/Visit the HPB Corporate Website","type":"feature"},"title":"Kallista visits the healthy living page","description":"","tags":[{"name":"browse","type":"tag"},{"name":"Browse/Visit the hpb corporate website","type":"feature"},{"name":"Browse","type":"capability"},{"name":"healthy-living","type":"tag"}],"startTime":"2018-02-26T05:54:56.183451500+08:00[Asia/Singapore]","duration":38018,"testFailureCause":{"errorType":"java.lang.AssertionError","message":"\nExpected: a collection containing a string containing \"Food \u0026 Beverage\"\n     but: was \"Substance Abuse\", was \"Physical Activity\", was \"Preventive Health\"","stackTrace":[{"classLoaderName":"app","declaringClass":"sg.four.serenity.callisto.steps.CallistoVisitorSteps","methodName":"visits_the_healthy_living_page","fileName":"CallistoVisitorSteps.java","lineNumber":138,"format":1},{"moduleName":"java.base","moduleVersion":"9","declaringClass":"jdk.internal.reflect.NativeMethodAccessorImpl","methodName":"invoke0","fileName":"NativeMethodAccessorImpl.java","lineNumber":-2,"format":2},{"moduleName":"java.base","moduleVersion":"9","declaringClass":"jdk.internal.reflect.NativeMethodAccessorImpl","methodName":"invoke","fileName":"NativeMethodAccessorImpl.java","lineNumber":62,"format":2},{"moduleName":"java.base","moduleVersion":"9","declaringClass":"jdk.internal.reflect.DelegatingMethodAccessorImpl","methodName":"invoke","fileName":"DelegatingMethodAccessorImpl.java","lineNumber":43,"format":2}]},"testFailureClassname":"java.lang.AssertionError","testFailureMessage":"\nExpected: a collection containing a string containing \"Food \u0026 Beverage\"\n     but: was \"Substance Abuse\", was \"Physical Activity\", was \"Preventive Health\"","testFailureSummary":"FAILURE;java.lang.AssertionError;\nExpected: a collection containing a string containing \"Food \u0026 Beverage\"\n     but: was \"Substance Abuse\", was \"Physical Activity\", was \"Preventive Health\";CallistoVisitorSteps.java","projectKey":"","annotatedResult":"FAILURE","sessionId":"5ed7af6dc5fb99137c21611d9918b4e2","driver":"chrome:\u0027kallista\u0027","manual":false,"testSource":"Cucumber","result":"FAILURE"}