"Story","Title","Result","Date","Stability","Duration (s)"
"Visit the HPB Corporate Website","Kallista searches for information on the website","SUCCESS","2018-02-26T05:45:36.889321300+08:00[Asia/Singapore]","0.0","40.83"
"Visit the HPB Corporate Website","Kallista sees the navigation menu","SUCCESS","2018-02-26T05:46:19.058142800+08:00[Asia/Singapore]","0.0","62.9"
"Visit the HPB Corporate Website","Kallista sees the useful info tabs","SUCCESS","2018-02-26T05:47:24.627574700+08:00[Asia/Singapore]","0.0","67.6"
"Visit the HPB Corporate Website","Kallista reads articles found in the News Online for Workplaces section","SUCCESS","2018-02-26T05:48:34.583604+08:00[Asia/Singapore]","0.0","29.57"
"Visit the HPB Corporate Website","Kallista wants to search the faqs within the corporate website and the gov ifaq website","SUCCESS","2018-02-26T05:49:07.487340300+08:00[Asia/Singapore]","0.0","69.44"
"Visit the HPB Corporate Website","Kallista submits a feedback","SUCCESS","2018-02-26T05:50:20.722026600+08:00[Asia/Singapore]","0.0","59.62"
"Visit the HPB Corporate Website","Kallista visits the about page","SUCCESS","2018-02-26T05:51:26.252543700+08:00[Asia/Singapore]","0.0","37.75"
"Visit the HPB Corporate Website","Kallista visits the workplace page","SUCCESS","2018-02-26T05:52:07.566010600+08:00[Asia/Singapore]","0.0","39.28"
"Visit the HPB Corporate Website","Kallista visits the schools page","SUCCESS","2018-02-26T05:52:50.136105+08:00[Asia/Singapore]","0.0","58.92"
"Visit the HPB Corporate Website","Kallista visits the community page","SUCCESS","2018-02-26T05:53:53.085326700+08:00[Asia/Singapore]","0.0","59.57"
"Visit the HPB Corporate Website","Kallista visits the partnership page","SUCCESS","2018-02-26T05:55:39.045753800+08:00[Asia/Singapore]","0.0","42.04"
"Visit the HPB Corporate Website","Kallista visits the news page","SUCCESS","2018-02-26T05:56:26.051254+08:00[Asia/Singapore]","0.0","42.58"
