{"name":"Kallista sees the useful info tabs","id":"visit-the-hpb-corporate-website;kallista-sees-the-useful-info-tabs","testSteps":[{"number":1,"description":"* \u0027Kallista\u0027 sees the useful info tabs","duration":67583,"startTime":"2018-02-26T05:47:24.638582100+08:00[Asia/Singapore]","screenshots":[{"screenshot":"6f063545dbf1c119adaf3a5ae767955c82435952811a18147732c3a8f4be0b3f.png"}],"result":"SUCCESS","precondition":false,"children":[{"number":2,"description":"\u0027Kallista\u0027 opens the Home page","duration":52691,"startTime":"2018-02-26T05:47:24.687614300+08:00[Asia/Singapore]","screenshots":[{"screenshot":"999e336ff07c72dabeb0baad5dbb27880e933d69575ad748a629369685efc286.png"}],"result":"SUCCESS","precondition":false},{"number":3,"description":"Then tabs shown in the landing page should be a collection containing a string containing \u0027Educators and Parents\u0027","duration":3950,"startTime":"2018-02-26T05:48:18.269270200+08:00[Asia/Singapore]","screenshots":[{"screenshot":"6f063545dbf1c119adaf3a5ae767955c82435952811a18147732c3a8f4be0b3f.png"}],"result":"SUCCESS","precondition":false},{"number":4,"description":"Then tabs shown in the landing page should be a collection containing a string containing \u0027Community Partners\u0027","duration":3122,"startTime":"2018-02-26T05:48:22.224234600+08:00[Asia/Singapore]","screenshots":[{"screenshot":"6f063545dbf1c119adaf3a5ae767955c82435952811a18147732c3a8f4be0b3f.png"}],"result":"SUCCESS","precondition":false},{"number":5,"description":"Then tabs shown in the landing page should be a collection containing a string containing \u0027Corporate Partners\u0027","duration":2795,"startTime":"2018-02-26T05:48:25.351530100+08:00[Asia/Singapore]","screenshots":[{"screenshot":"6f063545dbf1c119adaf3a5ae767955c82435952811a18147732c3a8f4be0b3f.png"}],"result":"SUCCESS","precondition":false},{"number":6,"description":"Then tabs shown in the landing page should be a collection containing a string containing \u0027Grant Applicants\u0027","duration":2902,"startTime":"2018-02-26T05:48:28.151469100+08:00[Asia/Singapore]","screenshots":[{"screenshot":"6f063545dbf1c119adaf3a5ae767955c82435952811a18147732c3a8f4be0b3f.png"}],"result":"SUCCESS","precondition":false}]}],"userStory":{"id":"visit-the-hpb-corporate-website","storyName":"Visit the HPB Corporate Website","path":"src/test/resources/features/browse/CallistoVisitor.feature","narrative":"Users should see \"Home\", \"About\", \"Schools\", \"Community\", \"Healthy Living\", \"Partnerships\" in the main menu bar and search the website","type":"feature"},"featureTag":{"name":"Browse/Visit the HPB Corporate Website","type":"feature"},"title":"Kallista sees the useful info tabs","description":"","tags":[{"name":"browse","type":"tag"},{"name":"Browse/Visit the hpb corporate website","type":"feature"},{"name":"Browse","type":"capability"},{"name":"useful-info","type":"tag"}],"startTime":"2018-02-26T05:47:24.627574700+08:00[Asia/Singapore]","duration":67595,"projectKey":"","sessionId":"b2355a0f22a87af518f0c5048c3fcd96","driver":"chrome:\u0027kallista\u0027","manual":false,"testSource":"Cucumber","result":"SUCCESS"}