{"name":"Unauthorised user tries to reset password @Skip","id":"manages-content-in-the-sitefinity-cms;unauthorised-user-tries-to-reset-password-@skip","testSteps":[{"number":1,"description":"* \u0027Unauthorised\u0027 tries to reset password","duration":22876,"startTime":"2018-02-26T06:03:17.959507+08:00[Asia/Singapore]","screenshots":[{"screenshot":"b98625233b6f4f69e6c08cbb3f28cf72f9534a802ad5ec826efb6d05fe100994.png"}],"result":"SUCCESS","precondition":false,"children":[{"number":2,"description":"\u0027Unauthorised\u0027 opens the Sitefinity dashboard page","duration":18466,"startTime":"2018-02-26T06:03:17.974517+08:00[Asia/Singapore]","screenshots":[{"screenshot":"a4db521c1a8669a104c450fff31f1fa2501b6244ebe34cf025cccc9fe46dcfae.png"}],"result":"SUCCESS","precondition":false},{"number":3,"description":"Then Show feedback form submission results should be a string containing \u0027An email with a link to reset your password has been sent to your email.\u0027","duration":1430,"startTime":"2018-02-26T06:03:38.952379200+08:00[Asia/Singapore]","screenshots":[{"screenshot":"67b9f17f422d45cd10df5bada7e2b5d73c731f1f31610711ab949285fda1e297.png"}],"result":"SUCCESS","precondition":false}]}],"userStory":{"id":"manages-content-in-the-sitefinity-cms","storyName":"Manages Content in the Sitefinity CMS","path":"src/test/resources/features/cms/ManageContent.feature","narrative":"Users should be able to login to the Sitefinity CMS and manage the content for the HPB Corporate Website (Callisto)","type":"feature"},"featureTag":{"name":"Cms/Manages Content in the Sitefinity CMS","type":"feature"},"title":"Unauthorised user tries to reset password @Skip","description":"","tags":[{"name":"reset-fail","type":"tag"},{"name":"Cms","type":"capability"},{"name":"Cms/Manages content in the sitefinity cms","type":"feature"},{"name":"cms-uat","type":"tag"}],"startTime":"2018-02-26T06:03:17.950500600+08:00[Asia/Singapore]","duration":22885,"projectKey":"","sessionId":"1e9c264d5abf49efdf01eedea5154da0","driver":"chrome:\u0027unauthorised\u0027","manual":false,"testSource":"Cucumber","result":"SUCCESS"}