{"name":"Kallista submits the satisfaction poll","id":"visit-the-hpb-corporate-website;kallista-submits-the-satisfaction-poll","testSteps":[{"number":1,"description":"* \u0027Kallista\u0027 submits the satisfaction poll","duration":63944,"startTime":"2018-02-26T05:57:12.947583700+08:00[Asia/Singapore]","exception":{"errorType":"java.lang.AssertionError","message":"\nExpected: a string containing \"Thank you for filling out the survey!\"\n     but: was \"Satisfaction Poll\nThank you for using this HPB Website. As part of our on-going efforts to provide better customer service, we would appreciate if you can fill up the survey form below.\nFrom scale 1 (Not Easy) to 6 (Very Easy), Is the information easy to understand?\n1 2 3 4 5 6\nFrom scale 1 (Not Relevant) to 6 (Very Relevant), are the contents relevant to your needs?\n1 2 3 4 5 6\nFrom scale 1 (Not satisfied at all) to 6 (Extremely satisfied), how satisfied are you with the information provided?\n1 2 3 4 5 6\nPlease write your comment about this website\nName\nEmail\nNew code\nPlease type the code above\nSubmit\"","stackTrace":[{"classLoaderName":"app","declaringClass":"sg.four.serenity.callisto.steps.CallistoVisitorSteps","methodName":"rating","fileName":"CallistoVisitorSteps.java","lineNumber":171,"format":1},{"declaringClass":"✽","methodName":"* \u0027Kallista\u0027 submits the satisfaction poll","fileName":"src/test/resources/features/browse/CallistoVisitor.feature","lineNumber":65,"format":0}]},"result":"FAILURE","precondition":false,"children":[{"number":2,"description":"\u0027Kallista\u0027 opens the Rate this site page","duration":30609,"startTime":"2018-02-26T05:57:13.029139700+08:00[Asia/Singapore]","screenshots":[{"screenshot":"af3fcc8e47a2c639cc2dd2225c15a738e6986da82c8cbb41f16bc22846341b24.png"}],"result":"SUCCESS","precondition":false},{"number":3,"description":"Then Show feedback form submission results should be a string containing \u0027Thank you for filling out the survey!\u0027","duration":3970,"startTime":"2018-02-26T05:58:12.854713200+08:00[Asia/Singapore]","screenshots":[{"screenshot":"e6c9599954df7fd65792420490259507c31696a6f663ba10f047b0e349aeec2c.png"},{"screenshot":"7f817420632b97d18a74c5bf6ac51a15e7bae243672c23d9e24efdba4cd8e945.png","htmlSource":"pagesource9843173201867346652.html.txt"}],"exception":{"errorType":"java.lang.AssertionError","message":"\nExpected: a string containing \"Thank you for filling out the survey!\"\n     but: was \"Satisfaction Poll\nThank you for using this HPB Website. As part of our on-going efforts to provide better customer service, we would appreciate if you can fill up the survey form below.\nFrom scale 1 (Not Easy) to 6 (Very Easy), Is the information easy to understand?\n1 2 3 4 5 6\nFrom scale 1 (Not Relevant) to 6 (Very Relevant), are the contents relevant to your needs?\n1 2 3 4 5 6\nFrom scale 1 (Not satisfied at all) to 6 (Extremely satisfied), how satisfied are you with the information provided?\n1 2 3 4 5 6\nPlease write your comment about this website\nName\nEmail\nNew code\nPlease type the code above\nSubmit\"","stackTrace":[{"classLoaderName":"app","declaringClass":"sg.four.serenity.callisto.steps.CallistoVisitorSteps","methodName":"rating","fileName":"CallistoVisitorSteps.java","lineNumber":171,"format":1},{"moduleName":"java.base","moduleVersion":"9","declaringClass":"jdk.internal.reflect.NativeMethodAccessorImpl","methodName":"invoke0","fileName":"NativeMethodAccessorImpl.java","lineNumber":-2,"format":2},{"moduleName":"java.base","moduleVersion":"9","declaringClass":"jdk.internal.reflect.NativeMethodAccessorImpl","methodName":"invoke","fileName":"NativeMethodAccessorImpl.java","lineNumber":62,"format":2},{"moduleName":"java.base","moduleVersion":"9","declaringClass":"jdk.internal.reflect.DelegatingMethodAccessorImpl","methodName":"invoke","fileName":"DelegatingMethodAccessorImpl.java","lineNumber":43,"format":2}]},"result":"FAILURE","precondition":false}]}],"userStory":{"id":"visit-the-hpb-corporate-website","storyName":"Visit the HPB Corporate Website","path":"src/test/resources/features/browse/CallistoVisitor.feature","narrative":"Users should see \"Home\", \"About\", \"Schools\", \"Community\", \"Healthy Living\", \"Partnerships\" in the main menu bar and search the website","type":"feature"},"featureTag":{"name":"Browse/Visit the HPB Corporate Website","type":"feature"},"title":"Kallista submits the satisfaction poll","description":"","tags":[{"name":"browse","type":"tag"},{"name":"Browse/Visit the hpb corporate website","type":"feature"},{"name":"Browse","type":"capability"},{"name":"rate","type":"tag"}],"startTime":"2018-02-26T05:57:12.937077900+08:00[Asia/Singapore]","duration":63956,"testFailureCause":{"errorType":"java.lang.AssertionError","message":"\nExpected: a string containing \"Thank you for filling out the survey!\"\n     but: was \"Satisfaction Poll\nThank you for using this HPB Website. As part of our on-going efforts to provide better customer service, we would appreciate if you can fill up the survey form below.\nFrom scale 1 (Not Easy) to 6 (Very Easy), Is the information easy to understand?\n1 2 3 4 5 6\nFrom scale 1 (Not Relevant) to 6 (Very Relevant), are the contents relevant to your needs?\n1 2 3 4 5 6\nFrom scale 1 (Not satisfied at all) to 6 (Extremely satisfied), how satisfied are you with the information provided?\n1 2 3 4 5 6\nPlease write your comment about this website\nName\nEmail\nNew code\nPlease type the code above\nSubmit\"","stackTrace":[{"classLoaderName":"app","declaringClass":"sg.four.serenity.callisto.steps.CallistoVisitorSteps","methodName":"rating","fileName":"CallistoVisitorSteps.java","lineNumber":171,"format":1},{"moduleName":"java.base","moduleVersion":"9","declaringClass":"jdk.internal.reflect.NativeMethodAccessorImpl","methodName":"invoke0","fileName":"NativeMethodAccessorImpl.java","lineNumber":-2,"format":2},{"moduleName":"java.base","moduleVersion":"9","declaringClass":"jdk.internal.reflect.NativeMethodAccessorImpl","methodName":"invoke","fileName":"NativeMethodAccessorImpl.java","lineNumber":62,"format":2},{"moduleName":"java.base","moduleVersion":"9","declaringClass":"jdk.internal.reflect.DelegatingMethodAccessorImpl","methodName":"invoke","fileName":"DelegatingMethodAccessorImpl.java","lineNumber":43,"format":2}]},"testFailureClassname":"java.lang.AssertionError","testFailureMessage":"\nExpected: a string containing \"Thank you for filling out the survey!\"\n     but: was \"Satisfaction Poll\nThank you for using this HPB Website. As part of our on-going efforts to provide better customer service, we would appreciate if you can fill up the survey form below.\nFrom scale 1 (Not Easy) to 6 (Very Easy), Is the information easy to understand?\n1 2 3 4 5 6\nFrom scale 1 (Not Relevant) to 6 (Very Relevant), are the contents relevant to your needs?\n1 2 3 4 5 6\nFrom scale 1 (Not satisfied at all) to 6 (Extremely satisfied), how satisfied are you with the information provided?\n1 2 3 4 5 6\nPlease write your comment about this website\nName\nEmail\nNew code\nPlease type the code above\nSubmit\"","testFailureSummary":"FAILURE;java.lang.AssertionError;\nExpected: a string containing \"Thank you for filling out the survey!\"\n     but: was \"Satisfaction Poll\nThank you for using this HPB Website. As part of our on-going efforts to provide better customer service, we would appreciate if you can fill up the survey form below.\nFrom scale 1 (Not Easy) to 6 (Very Easy), Is the information easy to understand?\n1 2 3 4 5 6\nFrom scale 1 (Not Relevant) to 6 (Very Relevant), are the contents relevant to your needs?\n1 2 3 4 5 6\nFrom scale 1 (Not satisfied at all) to 6 (Extremely satisfied), how satisfied are you with the information provided?\n1 2 3 4 5 6\nPlease write your comment about this website\nName\nEmail\nNew code\nPlease type the code above\nSubmit\";CallistoVisitorSteps.java","projectKey":"","annotatedResult":"FAILURE","sessionId":"d19886a05ab07d6f8813bb70d62ac692","driver":"chrome:\u0027kallista\u0027","manual":false,"testSource":"Cucumber","result":"FAILURE"}