{"name":"Kallista reads articles found in the News Online for Workplaces section","id":"visit-the-hpb-corporate-website;kallista-reads-articles-found-in-the-news-online-for-workplaces-section","testSteps":[{"number":1,"description":"* \u0027Kallista\u0027 wants to read N.O.W Issues","duration":29551,"startTime":"2018-02-26T05:48:34.596113200+08:00[Asia/Singapore]","screenshots":[{"screenshot":"fbb0dbc2228c2be54d7c56cd413c3542492eaf2c95327d91494905ffd20304bb.png"}],"result":"SUCCESS","precondition":false,"children":[{"number":2,"description":"\u0027Kallista\u0027 opens the Now landing page","duration":24655,"startTime":"2018-02-26T05:48:34.656653100+08:00[Asia/Singapore]","screenshots":[{"screenshot":"ff9bad0c38429d863cfa5cba3ed96dda020652c07547896214783708d7768ca0.png"}],"result":"SUCCESS","precondition":false},{"number":3,"description":"Then tabs shown in the landing page should be a collection containing a string containing \u0027N.O.W Issue 1\u0027","duration":2149,"startTime":"2018-02-26T05:48:59.706115100+08:00[Asia/Singapore]","screenshots":[{"screenshot":"fbb0dbc2228c2be54d7c56cd413c3542492eaf2c95327d91494905ffd20304bb.png"}],"result":"SUCCESS","precondition":false},{"number":4,"description":"Then tabs shown in the landing page should be a collection containing a string containing \u0027N.O.W Issue 2\u0027","duration":1602,"startTime":"2018-02-26T05:49:01.860449500+08:00[Asia/Singapore]","screenshots":[{"screenshot":"fbb0dbc2228c2be54d7c56cd413c3542492eaf2c95327d91494905ffd20304bb.png"}],"result":"SUCCESS","precondition":false}]}],"userStory":{"id":"visit-the-hpb-corporate-website","storyName":"Visit the HPB Corporate Website","path":"src/test/resources/features/browse/CallistoVisitor.feature","narrative":"Users should see \"Home\", \"About\", \"Schools\", \"Community\", \"Healthy Living\", \"Partnerships\" in the main menu bar and search the website","type":"feature"},"featureTag":{"name":"Browse/Visit the HPB Corporate Website","type":"feature"},"title":"Kallista reads articles found in the News Online for Workplaces section","description":"","tags":[{"name":"browse","type":"tag"},{"name":"now","type":"tag"},{"name":"Browse/Visit the hpb corporate website","type":"feature"},{"name":"Browse","type":"capability"}],"startTime":"2018-02-26T05:48:34.583604+08:00[Asia/Singapore]","duration":29566,"projectKey":"","sessionId":"4fdaf26e6694d43af656d96190170afe","driver":"chrome:\u0027kallista\u0027","manual":false,"testSource":"Cucumber","result":"SUCCESS"}