{"name":"Kallista wants to search the faqs within the corporate website and the gov ifaq website","id":"visit-the-hpb-corporate-website;kallista-wants-to-search-the-faqs-within-the-corporate-website-and-the-gov-ifaq-website;faq-terms;2","testSteps":[{"number":1,"description":"Kallista wants to search the faqs within the corporate website and the gov ifaq website #1: {keyword\u003dingredient, name\u003dHealthier Ingredient Development Scheme}","duration":34693,"startTime":"2018-02-26T05:49:07.496848300+08:00[Asia/Singapore]","screenshots":[{"screenshot":"2ed795bb56ab770c8796d8628bf1705a8e215f305258f0a7d7c7c995349c8363.png"}],"result":"SUCCESS","precondition":false,"children":[{"number":2,"description":"Given \u0027Kallista\u0027 searches for ingredient within the faq section","duration":30843,"startTime":"2018-02-26T05:49:07.511361+08:00[Asia/Singapore]","screenshots":[{"screenshot":"f76dc4b48dbffe5e6b6ea7b73a63092fa0b0823a35b0380a139eaeb7b6eb44fd.png"}],"result":"SUCCESS","precondition":false,"children":[{"number":3,"description":"\u0027Kallista\u0027 opens the Faq page","duration":26420,"startTime":"2018-02-26T05:49:07.602418700+08:00[Asia/Singapore]","screenshots":[{"screenshot":"17c927d80e3c1a71a4ef21bac005690d5a6e34ed9e044fab345ece1ef2530cd9.png"}],"result":"SUCCESS","precondition":false},{"number":4,"description":"\u0027Kallista\u0027 enters \u0027ingredient\u0027 into search field","duration":3539,"startTime":"2018-02-26T05:49:34.106114500+08:00[Asia/Singapore]","screenshots":[{"screenshot":"17c927d80e3c1a71a4ef21bac005690d5a6e34ed9e044fab345ece1ef2530cd9.png"},{"screenshot":"340600e4978cf4caf9cb726c010ee40bd4b875709ad82342cef9c099fc2fc489.png"}],"result":"SUCCESS","precondition":false}]},{"number":5,"description":"Then \u0027Kallista\u0027 should see the faq programme Healthier Ingredient Development Scheme displayed","duration":3056,"startTime":"2018-02-26T05:49:38.356856300+08:00[Asia/Singapore]","screenshots":[{"screenshot":"f76dc4b48dbffe5e6b6ea7b73a63092fa0b0823a35b0380a139eaeb7b6eb44fd.png"}],"result":"SUCCESS","precondition":false,"children":[{"number":6,"description":"Then Show search results should be \u0027Healthier Ingredient Development Scheme\u0027","duration":1621,"startTime":"2018-02-26T05:49:39.182420900+08:00[Asia/Singapore]","screenshots":[{"screenshot":"2ed795bb56ab770c8796d8628bf1705a8e215f305258f0a7d7c7c995349c8363.png"}],"result":"SUCCESS","precondition":false}]}]},{"number":7,"description":"Kallista wants to search the faqs within the corporate website and the gov ifaq website #2: {keyword\u003dservice provider, name\u003dDirectory of Service Providers}","duration":33965,"startTime":"2018-02-26T05:49:42.962957200+08:00[Asia/Singapore]","screenshots":[{"screenshot":"657cbf9a8d9c901001387f1e9926aa57313cb88b3e577dd7bf1300f644d618c9.png"}],"result":"SUCCESS","precondition":false,"children":[{"number":8,"description":"Given \u0027Kallista\u0027 searches for service provider within the faq section","duration":30180,"startTime":"2018-02-26T05:49:42.974464800+08:00[Asia/Singapore]","screenshots":[{"screenshot":"657cbf9a8d9c901001387f1e9926aa57313cb88b3e577dd7bf1300f644d618c9.png"}],"result":"SUCCESS","precondition":false,"children":[{"number":9,"description":"\u0027Kallista\u0027 opens the Faq page","duration":26117,"startTime":"2018-02-26T05:49:42.995979200+08:00[Asia/Singapore]","screenshots":[{"screenshot":"17c927d80e3c1a71a4ef21bac005690d5a6e34ed9e044fab345ece1ef2530cd9.png"}],"result":"SUCCESS","precondition":false},{"number":10,"description":"\u0027Kallista\u0027 enters \u0027service provider\u0027 into search field","duration":3291,"startTime":"2018-02-26T05:50:09.136570300+08:00[Asia/Singapore]","screenshots":[{"screenshot":"17c927d80e3c1a71a4ef21bac005690d5a6e34ed9e044fab345ece1ef2530cd9.png"},{"screenshot":"f64bc9d2babe2d098af553eb3d0b3bcd815c46e7eefe2593e5b23478f5c2452f.png"}],"result":"SUCCESS","precondition":false}]},{"number":11,"description":"Then \u0027Kallista\u0027 should see the faq programme Directory of Service Providers displayed","duration":3104,"startTime":"2018-02-26T05:50:13.157145900+08:00[Asia/Singapore]","screenshots":[{"screenshot":"657cbf9a8d9c901001387f1e9926aa57313cb88b3e577dd7bf1300f644d618c9.png"}],"result":"SUCCESS","precondition":false,"children":[{"number":12,"description":"Then Show search results should be \u0027Directory of Service Providers\u0027","duration":1585,"startTime":"2018-02-26T05:50:14.064345600+08:00[Asia/Singapore]","screenshots":[{"screenshot":"f64bc9d2babe2d098af553eb3d0b3bcd815c46e7eefe2593e5b23478f5c2452f.png"}],"result":"SUCCESS","precondition":false}]}]}],"userStory":{"id":"visit-the-hpb-corporate-website","storyName":"Visit the HPB Corporate Website","path":"src/test/resources/features/browse/CallistoVisitor.feature","narrative":"Users should see \"Home\", \"About\", \"Schools\", \"Community\", \"Healthy Living\", \"Partnerships\" in the main menu bar and search the website","type":"feature"},"featureTag":{"name":"Browse/Visit the HPB Corporate Website","type":"feature"},"title":"Kallista wants to search the faqs within the corporate website and the gov ifaq website","description":"","tags":[{"name":"browse","type":"tag"},{"name":"Browse/Visit the hpb corporate website","type":"feature"},{"name":"faq","type":"tag"},{"name":"Browse","type":"capability"}],"startTime":"2018-02-26T05:49:07.487340300+08:00[Asia/Singapore]","duration":69442,"projectKey":"","sessionId":"155f03573e5b4517c49344274bd5e6cd","driver":"chrome:\u0027kallista\u0027","dataTable":{"headers":["keyword","name"],"rows":[{"values":["ingredient","Healthier Ingredient Development Scheme"],"result":"SUCCESS"},{"values":["service provider","Directory of Service Providers"],"result":"SUCCESS"}],"predefinedRows":true,"scenarioOutline":"Given \u0027Kallista\u0027 searches for \u003ckeyword\u003e within the faq section\r\nThen \u0027Kallista\u0027 should see the faq programme \u003cname\u003e displayed\r\n","dataSetDescriptors":[{"startRow":0,"rowCount":0,"name":"faq_terms","description":""}]},"manual":false,"testSource":"Cucumber","result":"SUCCESS"}