{"name":"Kallista creates a new page","id":"manages-content-in-the-sitefinity-cms;kallista-creates-a-new-page","testSteps":[{"number":1,"description":"* \u0027Kallista\u0027 creates a new page","duration":205640,"startTime":"2018-02-26T05:58:21.088365100+08:00[Asia/Singapore]","screenshots":[{"screenshot":"ca9fb5176bdb83113c8475fe6db50789b6d41dc13a853e67c525c91148ba0856.png","htmlSource":"pagesource4102657492930487470.html.txt"}],"exception":{"errorType":"org.openqa.selenium.ElementNotVisibleException","message":"element not visible\n  (Session info: chrome\u003d63.0.3239.132)\n  (Driver info: chromedriver\u003d2.29.461591 (62ebf098771772160f391d75e589dc567915b233),platform\u003dWindows NT 10.0.16299 x86_64) (WARNING: The server did not provide any stacktrace information)\nCommand duration or timeout: 91 milliseconds\nBuild info: version: \u00273.4.0\u0027, revision: \u0027unknown\u0027, time: \u0027unknown\u0027\nSystem info: host: \u0027FAMILY-WIN8\u0027, ip: \u0027169.254.230.34\u0027, os.name: \u0027Windows 10\u0027, os.arch: \u0027amd64\u0027, os.version: \u002710.0\u0027, java.version: \u00279\u0027\nDriver info: org.openqa.selenium.remote.RemoteWebDriver\nCapabilities [{applicationCacheEnabled\u003dfalse, rotatable\u003dfalse, mobileEmulationEnabled\u003dfalse, networkConnectionEnabled\u003dfalse, chrome\u003d{chromedriverVersion\u003d2.29.461591 (62ebf098771772160f391d75e589dc567915b233), userDataDir\u003dC:\\Users\\Jeffrey\\AppData\\Local\\Temp\\scoped_dir11412_18414}, takesHeapSnapshot\u003dtrue, pageLoadStrategy\u003dnormal, databaseEnabled\u003dfalse, handlesAlerts\u003dtrue, hasTouchScreen\u003dfalse, version\u003d63.0.3239.132, platform\u003dXP, browserConnectionEnabled\u003dfalse, nativeEvents\u003dtrue, acceptSslCerts\u003dtrue, locationContextEnabled\u003dtrue, webStorageEnabled\u003dtrue, browserName\u003dchrome, takesScreenshot\u003dtrue, javascriptEnabled\u003dtrue, cssSelectorsEnabled\u003dtrue, unexpectedAlertBehaviour\u003d}]\nSession ID: 6eadb63c9fa950dbf4dc220396f06e10","stackTrace":[{"moduleName":"java.base","moduleVersion":"9","declaringClass":"jdk.internal.reflect.NativeConstructorAccessorImpl","methodName":"newInstance0","fileName":"NativeConstructorAccessorImpl.java","lineNumber":-2,"format":2},{"moduleName":"java.base","moduleVersion":"9","declaringClass":"jdk.internal.reflect.NativeConstructorAccessorImpl","methodName":"newInstance","fileName":"NativeConstructorAccessorImpl.java","lineNumber":62,"format":2},{"moduleName":"java.base","moduleVersion":"9","declaringClass":"jdk.internal.reflect.DelegatingConstructorAccessorImpl","methodName":"newInstance","fileName":"DelegatingConstructorAccessorImpl.java","lineNumber":45,"format":2},{"classLoaderName":"app","declaringClass":"sg.four.serenity.callisto.tasks.CreateNewPage","methodName":"performAs","fileName":"CreateNewPage.java","lineNumber":51,"format":1},{"classLoaderName":"app","declaringClass":"sg.four.serenity.callisto.steps.ManageContentSteps","methodName":"creates_a_new_page","fileName":"ManageContentSteps.java","lineNumber":46,"format":1},{"moduleName":"java.base","moduleVersion":"9","declaringClass":"jdk.internal.reflect.NativeMethodAccessorImpl","methodName":"invoke0","fileName":"NativeMethodAccessorImpl.java","lineNumber":-2,"format":2},{"moduleName":"java.base","moduleVersion":"9","declaringClass":"jdk.internal.reflect.NativeMethodAccessorImpl","methodName":"invoke","fileName":"NativeMethodAccessorImpl.java","lineNumber":62,"format":2},{"moduleName":"java.base","moduleVersion":"9","declaringClass":"jdk.internal.reflect.DelegatingMethodAccessorImpl","methodName":"invoke","fileName":"DelegatingMethodAccessorImpl.java","lineNumber":43,"format":2}]},"result":"ERROR","precondition":false,"children":[{"number":2,"description":"\u0027Kallista\u0027 opens the Sitefinity dashboard page","duration":32191,"startTime":"2018-02-26T05:58:21.171921600+08:00[Asia/Singapore]","screenshots":[{"screenshot":"a4db521c1a8669a104c450fff31f1fa2501b6244ebe34cf025cccc9fe46dcfae.png"}],"result":"SUCCESS","precondition":false},{"number":3,"description":"\u0027Kallista\u0027 selects email in mode dropdown","duration":2012,"startTime":"2018-02-26T05:59:59.971188700+08:00[Asia/Singapore]","screenshots":[{"screenshot":"cbed1b8fc1196a8c3dea304faba1fb01b0d0647a90b9e6b8b86a916171991ef9.png"},{"screenshot":"8e8bcdebf0a403249ca01d8490cd8a5eff87b36b7133b1890e54d8ffe12a4887.png"}],"result":"SUCCESS","precondition":false}]},{"number":4,"description":"Perform as: \u0027Kallista\u0027","duration":14,"startTime":"2018-02-26T06:01:46.733166500+08:00[Asia/Singapore]","exception":{"errorType":"org.openqa.selenium.ElementNotVisibleException","message":"element not visible\n  (Session info: chrome\u003d63.0.3239.132)\n  (Driver info: chromedriver\u003d2.29.461591 (62ebf098771772160f391d75e589dc567915b233),platform\u003dWindows NT 10.0.16299 x86_64) (WARNING: The server did not provide any stacktrace information)\nCommand duration or timeout: 91 milliseconds\nBuild info: version: \u00273.4.0\u0027, revision: \u0027unknown\u0027, time: \u0027unknown\u0027\nSystem info: host: \u0027FAMILY-WIN8\u0027, ip: \u0027169.254.230.34\u0027, os.name: \u0027Windows 10\u0027, os.arch: \u0027amd64\u0027, os.version: \u002710.0\u0027, java.version: \u00279\u0027\nDriver info: org.openqa.selenium.remote.RemoteWebDriver\nCapabilities [{applicationCacheEnabled\u003dfalse, rotatable\u003dfalse, mobileEmulationEnabled\u003dfalse, networkConnectionEnabled\u003dfalse, chrome\u003d{chromedriverVersion\u003d2.29.461591 (62ebf098771772160f391d75e589dc567915b233), userDataDir\u003dC:\\Users\\Jeffrey\\AppData\\Local\\Temp\\scoped_dir11412_18414}, takesHeapSnapshot\u003dtrue, pageLoadStrategy\u003dnormal, databaseEnabled\u003dfalse, handlesAlerts\u003dtrue, hasTouchScreen\u003dfalse, version\u003d63.0.3239.132, platform\u003dXP, browserConnectionEnabled\u003dfalse, nativeEvents\u003dtrue, acceptSslCerts\u003dtrue, locationContextEnabled\u003dtrue, webStorageEnabled\u003dtrue, browserName\u003dchrome, takesScreenshot\u003dtrue, javascriptEnabled\u003dtrue, cssSelectorsEnabled\u003dtrue, unexpectedAlertBehaviour\u003d}]\nSession ID: 6eadb63c9fa950dbf4dc220396f06e10","stackTrace":[{"moduleName":"java.base","moduleVersion":"9","declaringClass":"jdk.internal.reflect.NativeConstructorAccessorImpl","methodName":"newInstance0","fileName":"NativeConstructorAccessorImpl.java","lineNumber":-2,"format":2},{"moduleName":"java.base","moduleVersion":"9","declaringClass":"jdk.internal.reflect.NativeConstructorAccessorImpl","methodName":"newInstance","fileName":"NativeConstructorAccessorImpl.java","lineNumber":62,"format":2},{"moduleName":"java.base","moduleVersion":"9","declaringClass":"jdk.internal.reflect.DelegatingConstructorAccessorImpl","methodName":"newInstance","fileName":"DelegatingConstructorAccessorImpl.java","lineNumber":45,"format":2},{"classLoaderName":"app","declaringClass":"sg.four.serenity.callisto.tasks.CreateNewPage","methodName":"performAs","fileName":"CreateNewPage.java","lineNumber":51,"format":1},{"classLoaderName":"app","declaringClass":"sg.four.serenity.callisto.steps.ManageContentSteps","methodName":"creates_a_new_page","fileName":"ManageContentSteps.java","lineNumber":46,"format":1},{"moduleName":"java.base","moduleVersion":"9","declaringClass":"jdk.internal.reflect.NativeMethodAccessorImpl","methodName":"invoke0","fileName":"NativeMethodAccessorImpl.java","lineNumber":-2,"format":2},{"moduleName":"java.base","moduleVersion":"9","declaringClass":"jdk.internal.reflect.NativeMethodAccessorImpl","methodName":"invoke","fileName":"NativeMethodAccessorImpl.java","lineNumber":62,"format":2},{"moduleName":"java.base","moduleVersion":"9","declaringClass":"jdk.internal.reflect.DelegatingMethodAccessorImpl","methodName":"invoke","fileName":"DelegatingMethodAccessorImpl.java","lineNumber":43,"format":2}]},"result":"ERROR","precondition":false},{"number":5,"description":"* \u0027Kallista\u0027 creates a new page","duration":9,"startTime":"2018-02-26T06:01:46.776712100+08:00[Asia/Singapore]","exception":{"errorType":"org.openqa.selenium.ElementNotVisibleException","message":"element not visible\n  (Session info: chrome\u003d63.0.3239.132)\n  (Driver info: chromedriver\u003d2.29.461591 (62ebf098771772160f391d75e589dc567915b233),platform\u003dWindows NT 10.0.16299 x86_64) (WARNING: The server did not provide any stacktrace information)\nCommand duration or timeout: 91 milliseconds\nBuild info: version: \u00273.4.0\u0027, revision: \u0027unknown\u0027, time: \u0027unknown\u0027\nSystem info: host: \u0027FAMILY-WIN8\u0027, ip: \u0027169.254.230.34\u0027, os.name: \u0027Windows 10\u0027, os.arch: \u0027amd64\u0027, os.version: \u002710.0\u0027, java.version: \u00279\u0027\nDriver info: org.openqa.selenium.remote.RemoteWebDriver\nCapabilities [{applicationCacheEnabled\u003dfalse, rotatable\u003dfalse, mobileEmulationEnabled\u003dfalse, networkConnectionEnabled\u003dfalse, chrome\u003d{chromedriverVersion\u003d2.29.461591 (62ebf098771772160f391d75e589dc567915b233), userDataDir\u003dC:\\Users\\Jeffrey\\AppData\\Local\\Temp\\scoped_dir11412_18414}, takesHeapSnapshot\u003dtrue, pageLoadStrategy\u003dnormal, databaseEnabled\u003dfalse, handlesAlerts\u003dtrue, hasTouchScreen\u003dfalse, version\u003d63.0.3239.132, platform\u003dXP, browserConnectionEnabled\u003dfalse, nativeEvents\u003dtrue, acceptSslCerts\u003dtrue, locationContextEnabled\u003dtrue, webStorageEnabled\u003dtrue, browserName\u003dchrome, takesScreenshot\u003dtrue, javascriptEnabled\u003dtrue, cssSelectorsEnabled\u003dtrue, unexpectedAlertBehaviour\u003d}]\nSession ID: 6eadb63c9fa950dbf4dc220396f06e10\nBuild info: version: \u00273.4.0\u0027, revision: \u0027unknown\u0027, time: \u0027unknown\u0027\nSystem info: host: \u0027FAMILY-WIN8\u0027, ip: \u0027169.254.230.34\u0027, os.name: \u0027Windows 10\u0027, os.arch: \u0027amd64\u0027, os.version: \u002710.0\u0027, java.version: \u00279\u0027\nDriver info: driver.version: unknown","stackTrace":[{"moduleName":"java.base","moduleVersion":"9","declaringClass":"jdk.internal.reflect.NativeConstructorAccessorImpl","methodName":"newInstance0","fileName":"NativeConstructorAccessorImpl.java","lineNumber":-2,"format":2},{"moduleName":"java.base","moduleVersion":"9","declaringClass":"jdk.internal.reflect.NativeConstructorAccessorImpl","methodName":"newInstance","fileName":"NativeConstructorAccessorImpl.java","lineNumber":62,"format":2},{"moduleName":"java.base","moduleVersion":"9","declaringClass":"jdk.internal.reflect.DelegatingConstructorAccessorImpl","methodName":"newInstance","fileName":"DelegatingConstructorAccessorImpl.java","lineNumber":45,"format":2},{"classLoaderName":"app","declaringClass":"sg.four.serenity.callisto.tasks.CreateNewPage","methodName":"performAs","fileName":"CreateNewPage.java","lineNumber":51,"format":1},{"classLoaderName":"app","declaringClass":"sg.four.serenity.callisto.steps.ManageContentSteps","methodName":"creates_a_new_page","fileName":"ManageContentSteps.java","lineNumber":46,"format":1},{"moduleName":"java.base","moduleVersion":"9","declaringClass":"jdk.internal.reflect.NativeMethodAccessorImpl","methodName":"invoke0","fileName":"NativeMethodAccessorImpl.java","lineNumber":-2,"format":2},{"moduleName":"java.base","moduleVersion":"9","declaringClass":"jdk.internal.reflect.NativeMethodAccessorImpl","methodName":"invoke","fileName":"NativeMethodAccessorImpl.java","lineNumber":62,"format":2},{"moduleName":"java.base","moduleVersion":"9","declaringClass":"jdk.internal.reflect.DelegatingMethodAccessorImpl","methodName":"invoke","fileName":"DelegatingMethodAccessorImpl.java","lineNumber":43,"format":2}]},"result":"ERROR","precondition":false}],"userStory":{"id":"manages-content-in-the-sitefinity-cms","storyName":"Manages Content in the Sitefinity CMS","path":"src/test/resources/features/cms/ManageContent.feature","narrative":"Users should be able to login to the Sitefinity CMS and manage the content for the HPB Corporate Website (Callisto)","type":"feature"},"featureTag":{"name":"Cms/Manages Content in the Sitefinity CMS","type":"feature"},"title":"Kallista creates a new page","description":"","tags":[{"name":"page","type":"tag"},{"name":"Cms","type":"capability"},{"name":"Cms/Manages content in the sitefinity cms","type":"feature"},{"name":"cms-uat","type":"tag"}],"startTime":"2018-02-26T05:58:21.052341100+08:00[Asia/Singapore]","duration":205733,"testFailureCause":{"errorType":"org.openqa.selenium.ElementNotVisibleException","message":"element not visible\n  (Session info: chrome\u003d63.0.3239.132)\n  (Driver info: chromedriver\u003d2.29.461591 (62ebf098771772160f391d75e589dc567915b233),platform\u003dWindows NT 10.0.16299 x86_64) (WARNING: The server did not provide any stacktrace information)\nCommand duration or timeout: 91 milliseconds\nBuild info: version: \u00273.4.0\u0027, revision: \u0027unknown\u0027, time: \u0027unknown\u0027\nSystem info: host: \u0027FAMILY-WIN8\u0027, ip: \u0027169.254.230.34\u0027, os.name: \u0027Windows 10\u0027, os.arch: \u0027amd64\u0027, os.version: \u002710.0\u0027, java.version: \u00279\u0027\nDriver info: org.openqa.selenium.remote.RemoteWebDriver\nCapabilities [{applicationCacheEnabled\u003dfalse, rotatable\u003dfalse, mobileEmulationEnabled\u003dfalse, networkConnectionEnabled\u003dfalse, chrome\u003d{chromedriverVersion\u003d2.29.461591 (62ebf098771772160f391d75e589dc567915b233), userDataDir\u003dC:\\Users\\Jeffrey\\AppData\\Local\\Temp\\scoped_dir11412_18414}, takesHeapSnapshot\u003dtrue, pageLoadStrategy\u003dnormal, databaseEnabled\u003dfalse, handlesAlerts\u003dtrue, hasTouchScreen\u003dfalse, version\u003d63.0.3239.132, platform\u003dXP, browserConnectionEnabled\u003dfalse, nativeEvents\u003dtrue, acceptSslCerts\u003dtrue, locationContextEnabled\u003dtrue, webStorageEnabled\u003dtrue, browserName\u003dchrome, takesScreenshot\u003dtrue, javascriptEnabled\u003dtrue, cssSelectorsEnabled\u003dtrue, unexpectedAlertBehaviour\u003d}]\nSession ID: 6eadb63c9fa950dbf4dc220396f06e10","stackTrace":[{"moduleName":"java.base","moduleVersion":"9","declaringClass":"jdk.internal.reflect.NativeConstructorAccessorImpl","methodName":"newInstance0","fileName":"NativeConstructorAccessorImpl.java","lineNumber":-2,"format":2},{"moduleName":"java.base","moduleVersion":"9","declaringClass":"jdk.internal.reflect.NativeConstructorAccessorImpl","methodName":"newInstance","fileName":"NativeConstructorAccessorImpl.java","lineNumber":62,"format":2},{"moduleName":"java.base","moduleVersion":"9","declaringClass":"jdk.internal.reflect.DelegatingConstructorAccessorImpl","methodName":"newInstance","fileName":"DelegatingConstructorAccessorImpl.java","lineNumber":45,"format":2},{"classLoaderName":"app","declaringClass":"sg.four.serenity.callisto.tasks.CreateNewPage","methodName":"performAs","fileName":"CreateNewPage.java","lineNumber":51,"format":1},{"classLoaderName":"app","declaringClass":"sg.four.serenity.callisto.steps.ManageContentSteps","methodName":"creates_a_new_page","fileName":"ManageContentSteps.java","lineNumber":46,"format":1},{"moduleName":"java.base","moduleVersion":"9","declaringClass":"jdk.internal.reflect.NativeMethodAccessorImpl","methodName":"invoke0","fileName":"NativeMethodAccessorImpl.java","lineNumber":-2,"format":2},{"moduleName":"java.base","moduleVersion":"9","declaringClass":"jdk.internal.reflect.NativeMethodAccessorImpl","methodName":"invoke","fileName":"NativeMethodAccessorImpl.java","lineNumber":62,"format":2},{"moduleName":"java.base","moduleVersion":"9","declaringClass":"jdk.internal.reflect.DelegatingMethodAccessorImpl","methodName":"invoke","fileName":"DelegatingMethodAccessorImpl.java","lineNumber":43,"format":2}]},"testFailureClassname":"org.openqa.selenium.ElementNotVisibleException","testFailureMessage":"element not visible\n  (Session info: chrome\u003d63.0.3239.132)\n  (Driver info: chromedriver\u003d2.29.461591 (62ebf098771772160f391d75e589dc567915b233),platform\u003dWindows NT 10.0.16299 x86_64) (WARNING: The server did not provide any stacktrace information)\nCommand duration or timeout: 91 milliseconds\nBuild info: version: \u00273.4.0\u0027, revision: \u0027unknown\u0027, time: \u0027unknown\u0027\nSystem info: host: \u0027FAMILY-WIN8\u0027, ip: \u0027169.254.230.34\u0027, os.name: \u0027Windows 10\u0027, os.arch: \u0027amd64\u0027, os.version: \u002710.0\u0027, java.version: \u00279\u0027\nDriver info: org.openqa.selenium.remote.RemoteWebDriver\nCapabilities [{applicationCacheEnabled\u003dfalse, rotatable\u003dfalse, mobileEmulationEnabled\u003dfalse, networkConnectionEnabled\u003dfalse, chrome\u003d{chromedriverVersion\u003d2.29.461591 (62ebf098771772160f391d75e589dc567915b233), userDataDir\u003dC:\\Users\\Jeffrey\\AppData\\Local\\Temp\\scoped_dir11412_18414}, takesHeapSnapshot\u003dtrue, pageLoadStrategy\u003dnormal, databaseEnabled\u003dfalse, handlesAlerts\u003dtrue, hasTouchScreen\u003dfalse, version\u003d63.0.3239.132, platform\u003dXP, browserConnectionEnabled\u003dfalse, nativeEvents\u003dtrue, acceptSslCerts\u003dtrue, locationContextEnabled\u003dtrue, webStorageEnabled\u003dtrue, browserName\u003dchrome, takesScreenshot\u003dtrue, javascriptEnabled\u003dtrue, cssSelectorsEnabled\u003dtrue, unexpectedAlertBehaviour\u003d}]\nSession ID: 6eadb63c9fa950dbf4dc220396f06e10","testFailureSummary":"ERROR;org.openqa.selenium.ElementNotVisibleException;element not visible\n  (Session info: chrome\u003d63.0.3239.132)\n  (Driver info: chromedriver\u003d2.29.461591 (62ebf098771772160f391d75e589dc567915b233),platform\u003dWindows NT 10.0.16299 x86_64) (WARNING: The server did not provide any stacktrace information)\nCommand duration or timeout: 91 milliseconds\nBuild info: version: \u00273.4.0\u0027, revision: \u0027unknown\u0027, time: \u0027unknown\u0027\nSystem info: host: \u0027FAMILY-WIN8\u0027, ip: \u0027169.254.230.34\u0027, os.name: \u0027Windows 10\u0027, os.arch: \u0027amd64\u0027, os.version: \u002710.0\u0027, java.version: \u00279\u0027\nDriver info: org.openqa.selenium.remote.RemoteWebDriver\nCapabilities [{applicationCacheEnabled\u003dfalse, rotatable\u003dfalse, mobileEmulationEnabled\u003dfalse, networkConnectionEnabled\u003dfalse, chrome\u003d{chromedriverVersion\u003d2.29.461591 (62ebf098771772160f391d75e589dc567915b233), userDataDir\u003dC:\\Users\\Jeffrey\\AppData\\Local\\Temp\\scoped_dir11412_18414}, takesHeapSnapshot\u003dtrue, pageLoadStrategy\u003dnormal, databaseEnabled\u003dfalse, handlesAlerts\u003dtrue, hasTouchScreen\u003dfalse, version\u003d63.0.3239.132, platform\u003dXP, browserConnectionEnabled\u003dfalse, nativeEvents\u003dtrue, acceptSslCerts\u003dtrue, locationContextEnabled\u003dtrue, webStorageEnabled\u003dtrue, browserName\u003dchrome, takesScreenshot\u003dtrue, javascriptEnabled\u003dtrue, cssSelectorsEnabled\u003dtrue, unexpectedAlertBehaviour\u003d}]\nSession ID: 6eadb63c9fa950dbf4dc220396f06e10;NativeConstructorAccessorImpl.java","projectKey":"","annotatedResult":"ERROR","sessionId":"6eadb63c9fa950dbf4dc220396f06e10","driver":"chrome:\u0027kallista\u0027","manual":false,"testSource":"Cucumber","result":"ERROR"}