{"name":"Kallista creates page in Sitefinity Cloud","id":"manages-content-in-the-sitefinity-cms;kallista-creates-page-in-sitefinity-cloud","testSteps":[{"number":1,"description":"* \u0027Kallista\u0027 creates page in sitefinity cloud","duration":22577,"startTime":"2018-02-26T06:03:42.615850300+08:00[Asia/Singapore]","exception":{"errorType":"org.openqa.selenium.NoSuchElementException","message":"Expected condition failed: waiting for By.cssSelector: #username to be displayed (tried for 3 second(s) with 100 MILLISECONDS interval)\nBuild info: version: \u00273.4.0\u0027, revision: \u0027unknown\u0027, time: \u0027unknown\u0027\nSystem info: host: \u0027FAMILY-WIN8\u0027, ip: \u0027169.254.230.34\u0027, os.name: \u0027Windows 10\u0027, os.arch: \u0027amd64\u0027, os.version: \u002710.0\u0027, java.version: \u00279\u0027\nDriver info: driver.version: unknown","stackTrace":[{"classLoaderName":"app","declaringClass":"sg.four.serenity.callisto.tasks.FillUpSitefinityCloudLoginForm","methodName":"performAs","fileName":"FillUpSitefinityCloudLoginForm.java","lineNumber":30,"format":1},{"classLoaderName":"app","declaringClass":"sg.four.serenity.callisto.tasks.OpenSitefinityCloudDashboardPage","methodName":"performAs","fileName":"OpenSitefinityCloudDashboardPage.java","lineNumber":19,"format":1},{"classLoaderName":"app","declaringClass":"sg.four.serenity.callisto.steps.ManageContentSteps","methodName":"creates_page_in_sitefinity_cloud","fileName":"ManageContentSteps.java","lineNumber":60,"format":1},{"moduleName":"java.base","moduleVersion":"9","declaringClass":"jdk.internal.reflect.NativeMethodAccessorImpl","methodName":"invoke0","fileName":"NativeMethodAccessorImpl.java","lineNumber":-2,"format":2},{"moduleName":"java.base","moduleVersion":"9","declaringClass":"jdk.internal.reflect.NativeMethodAccessorImpl","methodName":"invoke","fileName":"NativeMethodAccessorImpl.java","lineNumber":62,"format":2},{"moduleName":"java.base","moduleVersion":"9","declaringClass":"jdk.internal.reflect.DelegatingMethodAccessorImpl","methodName":"invoke","fileName":"DelegatingMethodAccessorImpl.java","lineNumber":43,"format":2}],"rootCause":{"errorType":"org.openqa.selenium.TimeoutException","message":"Expected condition failed: waiting for By.cssSelector: #username to be displayed (tried for 3 second(s) with 100 MILLISECONDS interval)\nBuild info: version: \u00273.4.0\u0027, revision: \u0027unknown\u0027, time: \u0027unknown\u0027\nSystem info: host: \u0027FAMILY-WIN8\u0027, ip: \u0027169.254.230.34\u0027, os.name: \u0027Windows 10\u0027, os.arch: \u0027amd64\u0027, os.version: \u002710.0\u0027, java.version: \u00279\u0027\nDriver info: driver.version: unknown","stackTrace":[{"classLoaderName":"app","declaringClass":"sg.four.serenity.callisto.tasks.FillUpSitefinityCloudLoginForm","methodName":"performAs","fileName":"FillUpSitefinityCloudLoginForm.java","lineNumber":30,"format":1},{"classLoaderName":"app","declaringClass":"sg.four.serenity.callisto.tasks.OpenSitefinityCloudDashboardPage","methodName":"performAs","fileName":"OpenSitefinityCloudDashboardPage.java","lineNumber":19,"format":1},{"classLoaderName":"app","declaringClass":"sg.four.serenity.callisto.steps.ManageContentSteps","methodName":"creates_page_in_sitefinity_cloud","fileName":"ManageContentSteps.java","lineNumber":60,"format":1},{"moduleName":"java.base","moduleVersion":"9","declaringClass":"jdk.internal.reflect.NativeMethodAccessorImpl","methodName":"invoke0","fileName":"NativeMethodAccessorImpl.java","lineNumber":-2,"format":2},{"moduleName":"java.base","moduleVersion":"9","declaringClass":"jdk.internal.reflect.NativeMethodAccessorImpl","methodName":"invoke","fileName":"NativeMethodAccessorImpl.java","lineNumber":62,"format":2},{"moduleName":"java.base","moduleVersion":"9","declaringClass":"jdk.internal.reflect.DelegatingMethodAccessorImpl","methodName":"invoke","fileName":"DelegatingMethodAccessorImpl.java","lineNumber":43,"format":2}]}},"result":"ERROR","precondition":false,"children":[{"number":2,"description":"\u0027Kallista\u0027 opens the Sitefinity cloud dashboard page","duration":18286,"startTime":"2018-02-26T06:03:42.711414400+08:00[Asia/Singapore]","screenshots":[{"screenshot":"a4db521c1a8669a104c450fff31f1fa2501b6244ebe34cf025cccc9fe46dcfae.png"}],"result":"SUCCESS","precondition":false},{"number":3,"description":"Perform as: \u0027Kallista\u0027","duration":1091,"startTime":"2018-02-26T06:04:04.092363500+08:00[Asia/Singapore]","screenshots":[{"screenshot":"1833c078fc0dc34c9adbc6a62bfac5ad9c9b9c987e518e6931f0df47d889a754.png"},{"screenshot":"a4db521c1a8669a104c450fff31f1fa2501b6244ebe34cf025cccc9fe46dcfae.png","htmlSource":"pagesource9133308669610759593.html.txt"}],"exception":{"errorType":"org.openqa.selenium.NoSuchElementException","message":"Expected condition failed: waiting for By.cssSelector: #username to be displayed (tried for 3 second(s) with 100 MILLISECONDS interval)\nBuild info: version: \u00273.4.0\u0027, revision: \u0027unknown\u0027, time: \u0027unknown\u0027\nSystem info: host: \u0027FAMILY-WIN8\u0027, ip: \u0027169.254.230.34\u0027, os.name: \u0027Windows 10\u0027, os.arch: \u0027amd64\u0027, os.version: \u002710.0\u0027, java.version: \u00279\u0027\nDriver info: driver.version: unknown","stackTrace":[{"classLoaderName":"app","declaringClass":"sg.four.serenity.callisto.tasks.FillUpSitefinityCloudLoginForm","methodName":"performAs","fileName":"FillUpSitefinityCloudLoginForm.java","lineNumber":30,"format":1},{"classLoaderName":"app","declaringClass":"sg.four.serenity.callisto.tasks.OpenSitefinityCloudDashboardPage","methodName":"performAs","fileName":"OpenSitefinityCloudDashboardPage.java","lineNumber":19,"format":1},{"classLoaderName":"app","declaringClass":"sg.four.serenity.callisto.steps.ManageContentSteps","methodName":"creates_page_in_sitefinity_cloud","fileName":"ManageContentSteps.java","lineNumber":60,"format":1},{"moduleName":"java.base","moduleVersion":"9","declaringClass":"jdk.internal.reflect.NativeMethodAccessorImpl","methodName":"invoke0","fileName":"NativeMethodAccessorImpl.java","lineNumber":-2,"format":2},{"moduleName":"java.base","moduleVersion":"9","declaringClass":"jdk.internal.reflect.NativeMethodAccessorImpl","methodName":"invoke","fileName":"NativeMethodAccessorImpl.java","lineNumber":62,"format":2},{"moduleName":"java.base","moduleVersion":"9","declaringClass":"jdk.internal.reflect.DelegatingMethodAccessorImpl","methodName":"invoke","fileName":"DelegatingMethodAccessorImpl.java","lineNumber":43,"format":2}],"rootCause":{"errorType":"org.openqa.selenium.TimeoutException","message":"Expected condition failed: waiting for By.cssSelector: #username to be displayed (tried for 3 second(s) with 100 MILLISECONDS interval)\nBuild info: version: \u00273.4.0\u0027, revision: \u0027unknown\u0027, time: \u0027unknown\u0027\nSystem info: host: \u0027FAMILY-WIN8\u0027, ip: \u0027169.254.230.34\u0027, os.name: \u0027Windows 10\u0027, os.arch: \u0027amd64\u0027, os.version: \u002710.0\u0027, java.version: \u00279\u0027\nDriver info: driver.version: unknown","stackTrace":[{"classLoaderName":"app","declaringClass":"sg.four.serenity.callisto.tasks.FillUpSitefinityCloudLoginForm","methodName":"performAs","fileName":"FillUpSitefinityCloudLoginForm.java","lineNumber":30,"format":1},{"classLoaderName":"app","declaringClass":"sg.four.serenity.callisto.tasks.OpenSitefinityCloudDashboardPage","methodName":"performAs","fileName":"OpenSitefinityCloudDashboardPage.java","lineNumber":19,"format":1},{"classLoaderName":"app","declaringClass":"sg.four.serenity.callisto.steps.ManageContentSteps","methodName":"creates_page_in_sitefinity_cloud","fileName":"ManageContentSteps.java","lineNumber":60,"format":1},{"moduleName":"java.base","moduleVersion":"9","declaringClass":"jdk.internal.reflect.NativeMethodAccessorImpl","methodName":"invoke0","fileName":"NativeMethodAccessorImpl.java","lineNumber":-2,"format":2},{"moduleName":"java.base","moduleVersion":"9","declaringClass":"jdk.internal.reflect.NativeMethodAccessorImpl","methodName":"invoke","fileName":"NativeMethodAccessorImpl.java","lineNumber":62,"format":2},{"moduleName":"java.base","moduleVersion":"9","declaringClass":"jdk.internal.reflect.DelegatingMethodAccessorImpl","methodName":"invoke","fileName":"DelegatingMethodAccessorImpl.java","lineNumber":43,"format":2}]}},"result":"ERROR","precondition":false}]},{"number":4,"description":"Perform as: \u0027Kallista\u0027","duration":16,"startTime":"2018-02-26T06:04:05.195285400+08:00[Asia/Singapore]","exception":{"errorType":"org.openqa.selenium.NoSuchElementException","message":"Expected condition failed: waiting for By.cssSelector: #username to be displayed (tried for 3 second(s) with 100 MILLISECONDS interval)\nBuild info: version: \u00273.4.0\u0027, revision: \u0027unknown\u0027, time: \u0027unknown\u0027\nSystem info: host: \u0027FAMILY-WIN8\u0027, ip: \u0027169.254.230.34\u0027, os.name: \u0027Windows 10\u0027, os.arch: \u0027amd64\u0027, os.version: \u002710.0\u0027, java.version: \u00279\u0027\nDriver info: driver.version: unknown","stackTrace":[{"classLoaderName":"app","declaringClass":"sg.four.serenity.callisto.tasks.FillUpSitefinityCloudLoginForm","methodName":"performAs","fileName":"FillUpSitefinityCloudLoginForm.java","lineNumber":30,"format":1},{"classLoaderName":"app","declaringClass":"sg.four.serenity.callisto.tasks.OpenSitefinityCloudDashboardPage","methodName":"performAs","fileName":"OpenSitefinityCloudDashboardPage.java","lineNumber":19,"format":1},{"classLoaderName":"app","declaringClass":"sg.four.serenity.callisto.steps.ManageContentSteps","methodName":"creates_page_in_sitefinity_cloud","fileName":"ManageContentSteps.java","lineNumber":60,"format":1},{"moduleName":"java.base","moduleVersion":"9","declaringClass":"jdk.internal.reflect.NativeMethodAccessorImpl","methodName":"invoke0","fileName":"NativeMethodAccessorImpl.java","lineNumber":-2,"format":2},{"moduleName":"java.base","moduleVersion":"9","declaringClass":"jdk.internal.reflect.NativeMethodAccessorImpl","methodName":"invoke","fileName":"NativeMethodAccessorImpl.java","lineNumber":62,"format":2},{"moduleName":"java.base","moduleVersion":"9","declaringClass":"jdk.internal.reflect.DelegatingMethodAccessorImpl","methodName":"invoke","fileName":"DelegatingMethodAccessorImpl.java","lineNumber":43,"format":2}],"rootCause":{"errorType":"org.openqa.selenium.TimeoutException","message":"Expected condition failed: waiting for By.cssSelector: #username to be displayed (tried for 3 second(s) with 100 MILLISECONDS interval)\nBuild info: version: \u00273.4.0\u0027, revision: \u0027unknown\u0027, time: \u0027unknown\u0027\nSystem info: host: \u0027FAMILY-WIN8\u0027, ip: \u0027169.254.230.34\u0027, os.name: \u0027Windows 10\u0027, os.arch: \u0027amd64\u0027, os.version: \u002710.0\u0027, java.version: \u00279\u0027\nDriver info: driver.version: unknown","stackTrace":[{"classLoaderName":"app","declaringClass":"sg.four.serenity.callisto.tasks.FillUpSitefinityCloudLoginForm","methodName":"performAs","fileName":"FillUpSitefinityCloudLoginForm.java","lineNumber":30,"format":1},{"classLoaderName":"app","declaringClass":"sg.four.serenity.callisto.tasks.OpenSitefinityCloudDashboardPage","methodName":"performAs","fileName":"OpenSitefinityCloudDashboardPage.java","lineNumber":19,"format":1},{"classLoaderName":"app","declaringClass":"sg.four.serenity.callisto.steps.ManageContentSteps","methodName":"creates_page_in_sitefinity_cloud","fileName":"ManageContentSteps.java","lineNumber":60,"format":1},{"moduleName":"java.base","moduleVersion":"9","declaringClass":"jdk.internal.reflect.NativeMethodAccessorImpl","methodName":"invoke0","fileName":"NativeMethodAccessorImpl.java","lineNumber":-2,"format":2},{"moduleName":"java.base","moduleVersion":"9","declaringClass":"jdk.internal.reflect.NativeMethodAccessorImpl","methodName":"invoke","fileName":"NativeMethodAccessorImpl.java","lineNumber":62,"format":2},{"moduleName":"java.base","moduleVersion":"9","declaringClass":"jdk.internal.reflect.DelegatingMethodAccessorImpl","methodName":"invoke","fileName":"DelegatingMethodAccessorImpl.java","lineNumber":43,"format":2}]}},"result":"ERROR","precondition":false}],"userStory":{"id":"manages-content-in-the-sitefinity-cms","storyName":"Manages Content in the Sitefinity CMS","path":"src/test/resources/features/cms/ManageContent.feature","narrative":"Users should be able to login to the Sitefinity CMS and manage the content for the HPB Corporate Website (Callisto)","type":"feature"},"featureTag":{"name":"Cms/Manages Content in the Sitefinity CMS","type":"feature"},"title":"Kallista creates page in Sitefinity Cloud","description":"","tags":[{"name":"page-cloud","type":"tag"},{"name":"Cms","type":"capability"},{"name":"Cms/Manages content in the sitefinity cms","type":"feature"},{"name":"cms-uat","type":"tag"}],"startTime":"2018-02-26T06:03:42.596838+08:00[Asia/Singapore]","duration":22645,"testFailureCause":{"errorType":"org.openqa.selenium.NoSuchElementException","message":"Expected condition failed: waiting for By.cssSelector: #username to be displayed (tried for 3 second(s) with 100 MILLISECONDS interval)\nBuild info: version: \u00273.4.0\u0027, revision: \u0027unknown\u0027, time: \u0027unknown\u0027\nSystem info: host: \u0027FAMILY-WIN8\u0027, ip: \u0027169.254.230.34\u0027, os.name: \u0027Windows 10\u0027, os.arch: \u0027amd64\u0027, os.version: \u002710.0\u0027, java.version: \u00279\u0027\nDriver info: driver.version: unknown","stackTrace":[{"classLoaderName":"app","declaringClass":"sg.four.serenity.callisto.tasks.FillUpSitefinityCloudLoginForm","methodName":"performAs","fileName":"FillUpSitefinityCloudLoginForm.java","lineNumber":30,"format":1},{"classLoaderName":"app","declaringClass":"sg.four.serenity.callisto.tasks.OpenSitefinityCloudDashboardPage","methodName":"performAs","fileName":"OpenSitefinityCloudDashboardPage.java","lineNumber":19,"format":1},{"classLoaderName":"app","declaringClass":"sg.four.serenity.callisto.steps.ManageContentSteps","methodName":"creates_page_in_sitefinity_cloud","fileName":"ManageContentSteps.java","lineNumber":60,"format":1},{"moduleName":"java.base","moduleVersion":"9","declaringClass":"jdk.internal.reflect.NativeMethodAccessorImpl","methodName":"invoke0","fileName":"NativeMethodAccessorImpl.java","lineNumber":-2,"format":2},{"moduleName":"java.base","moduleVersion":"9","declaringClass":"jdk.internal.reflect.NativeMethodAccessorImpl","methodName":"invoke","fileName":"NativeMethodAccessorImpl.java","lineNumber":62,"format":2},{"moduleName":"java.base","moduleVersion":"9","declaringClass":"jdk.internal.reflect.DelegatingMethodAccessorImpl","methodName":"invoke","fileName":"DelegatingMethodAccessorImpl.java","lineNumber":43,"format":2}],"rootCause":{"errorType":"org.openqa.selenium.TimeoutException","message":"Expected condition failed: waiting for By.cssSelector: #username to be displayed (tried for 3 second(s) with 100 MILLISECONDS interval)\nBuild info: version: \u00273.4.0\u0027, revision: \u0027unknown\u0027, time: \u0027unknown\u0027\nSystem info: host: \u0027FAMILY-WIN8\u0027, ip: \u0027169.254.230.34\u0027, os.name: \u0027Windows 10\u0027, os.arch: \u0027amd64\u0027, os.version: \u002710.0\u0027, java.version: \u00279\u0027\nDriver info: driver.version: unknown","stackTrace":[{"classLoaderName":"app","declaringClass":"sg.four.serenity.callisto.tasks.FillUpSitefinityCloudLoginForm","methodName":"performAs","fileName":"FillUpSitefinityCloudLoginForm.java","lineNumber":30,"format":1},{"classLoaderName":"app","declaringClass":"sg.four.serenity.callisto.tasks.OpenSitefinityCloudDashboardPage","methodName":"performAs","fileName":"OpenSitefinityCloudDashboardPage.java","lineNumber":19,"format":1},{"classLoaderName":"app","declaringClass":"sg.four.serenity.callisto.steps.ManageContentSteps","methodName":"creates_page_in_sitefinity_cloud","fileName":"ManageContentSteps.java","lineNumber":60,"format":1},{"moduleName":"java.base","moduleVersion":"9","declaringClass":"jdk.internal.reflect.NativeMethodAccessorImpl","methodName":"invoke0","fileName":"NativeMethodAccessorImpl.java","lineNumber":-2,"format":2},{"moduleName":"java.base","moduleVersion":"9","declaringClass":"jdk.internal.reflect.NativeMethodAccessorImpl","methodName":"invoke","fileName":"NativeMethodAccessorImpl.java","lineNumber":62,"format":2},{"moduleName":"java.base","moduleVersion":"9","declaringClass":"jdk.internal.reflect.DelegatingMethodAccessorImpl","methodName":"invoke","fileName":"DelegatingMethodAccessorImpl.java","lineNumber":43,"format":2}]}},"testFailureClassname":"org.openqa.selenium.NoSuchElementException","testFailureMessage":"Expected condition failed: waiting for By.cssSelector: #username to be displayed (tried for 3 second(s) with 100 MILLISECONDS interval)\nBuild info: version: \u00273.4.0\u0027, revision: \u0027unknown\u0027, time: \u0027unknown\u0027\nSystem info: host: \u0027FAMILY-WIN8\u0027, ip: \u0027169.254.230.34\u0027, os.name: \u0027Windows 10\u0027, os.arch: \u0027amd64\u0027, os.version: \u002710.0\u0027, java.version: \u00279\u0027\nDriver info: driver.version: unknown","testFailureSummary":"ERROR;org.openqa.selenium.NoSuchElementException;Expected condition failed: waiting for By.cssSelector: #username to be displayed (tried for 3 second(s) with 100 MILLISECONDS interval)\nBuild info: version: \u00273.4.0\u0027, revision: \u0027unknown\u0027, time: \u0027unknown\u0027\nSystem info: host: \u0027FAMILY-WIN8\u0027, ip: \u0027169.254.230.34\u0027, os.name: \u0027Windows 10\u0027, os.arch: \u0027amd64\u0027, os.version: \u002710.0\u0027, java.version: \u00279\u0027\nDriver info: driver.version: unknown;FillUpSitefinityCloudLoginForm.java","projectKey":"","annotatedResult":"ERROR","sessionId":"478e922ca1aac6eb8c3a3dcbc6cce5dc","driver":"chrome:\u0027kallista\u0027","manual":false,"testSource":"Cucumber","result":"ERROR"}