{"name":"Kallista submits a feedback","id":"visit-the-hpb-corporate-website;kallista-submits-a-feedback","testSteps":[{"number":1,"description":"* \u0027Kallista\u0027 submits a feedback","duration":59478,"startTime":"2018-02-26T05:50:20.751044600+08:00[Asia/Singapore]","screenshots":[{"screenshot":"a316c1673b0514b9049e7e8878ff5cbc2ab5f8d6b6f0d8c18d5de72a4bf5fdf7.png"}],"result":"SUCCESS","precondition":false,"children":[{"number":2,"description":"\u0027Kallista\u0027 opens the Feedback page","duration":30150,"startTime":"2018-02-26T05:50:20.846609100+08:00[Asia/Singapore]","screenshots":[{"screenshot":"e99eabfc4e1d38c45cc0d2458ca81cfc9a7d62f4d92aa4e80af8ac550f9187c0.png"}],"result":"SUCCESS","precondition":false},{"number":3,"description":"\u0027Kallista\u0027 selects Suggestions in category dropdown","duration":2926,"startTime":"2018-02-26T05:50:51.513135200+08:00[Asia/Singapore]","screenshots":[{"screenshot":"2e66130830400a7e82f5abd3a38e10c30374b63528e2938fec7c06d330984145.png"},{"screenshot":"c7bc4fdd9f7fb62827fdd4aa375d6ae0fd63252cfeb7697a1425891439779376.png"}],"result":"SUCCESS","precondition":false},{"number":4,"description":"Then Show feedback form submission results should be \u0027Thank you for your feedback! We will take down your message and get back to you very soon!\u0027","duration":5752,"startTime":"2018-02-26T05:51:11.970959500+08:00[Asia/Singapore]","screenshots":[{"screenshot":"a316c1673b0514b9049e7e8878ff5cbc2ab5f8d6b6f0d8c18d5de72a4bf5fdf7.png"}],"result":"SUCCESS","precondition":false}]}],"userStory":{"id":"visit-the-hpb-corporate-website","storyName":"Visit the HPB Corporate Website","path":"src/test/resources/features/browse/CallistoVisitor.feature","narrative":"Users should see \"Home\", \"About\", \"Schools\", \"Community\", \"Healthy Living\", \"Partnerships\" in the main menu bar and search the website","type":"feature"},"featureTag":{"name":"Browse/Visit the HPB Corporate Website","type":"feature"},"title":"Kallista submits a feedback","description":"","tags":[{"name":"browse","type":"tag"},{"name":"Browse/Visit the hpb corporate website","type":"feature"},{"name":"Browse","type":"capability"},{"name":"feedback","type":"tag"}],"startTime":"2018-02-26T05:50:20.722026600+08:00[Asia/Singapore]","duration":59622,"projectKey":"","sessionId":"aea8246c9c84c4824e6fbba6193484b3","driver":"chrome:\u0027kallista\u0027","manual":false,"testSource":"Cucumber","result":"SUCCESS"}