{"name":"Unauthorised tries to log in to the CMS with wrong password @Skip","id":"manages-content-in-the-sitefinity-cms;unauthorised-tries-to-log-in-to-the-cms-with-wrong-password-@skip","testSteps":[{"number":1,"description":"* \u0027Unauthorised\u0027 tries to log in to the CMS with wrong password","duration":87389,"startTime":"2018-02-26T06:01:48.364324600+08:00[Asia/Singapore]","screenshots":[{"screenshot":"4227e7acb675aae608516685e7f939535175a0cf1145118464c14458b60763bf.png","htmlSource":"pagesource8688912687935042147.html.txt"}],"exception":{"errorType":"org.openqa.selenium.NoSuchElementException","message":"no such element: Unable to locate element: {\"method\":\"css selector\",\"selector\":\"#otpMode\"}\n  (Session info: chrome\u003d63.0.3239.132)\n  (Driver info: chromedriver\u003d2.29.461591 (62ebf098771772160f391d75e589dc567915b233),platform\u003dWindows NT 10.0.16299 x86_64) (WARNING: The server did not provide any stacktrace information)\nCommand duration or timeout: 3.06 seconds\nFor documentation on this error, please visit: http://seleniumhq.org/exceptions/no_such_element.html\nBuild info: version: \u00273.4.0\u0027, revision: \u0027unknown\u0027, time: \u0027unknown\u0027\nSystem info: host: \u0027FAMILY-WIN8\u0027, ip: \u0027169.254.230.34\u0027, os.name: \u0027Windows 10\u0027, os.arch: \u0027amd64\u0027, os.version: \u002710.0\u0027, java.version: \u00279\u0027\nDriver info: org.openqa.selenium.remote.RemoteWebDriver\nCapabilities [{applicationCacheEnabled\u003dfalse, rotatable\u003dfalse, mobileEmulationEnabled\u003dfalse, networkConnectionEnabled\u003dfalse, chrome\u003d{chromedriverVersion\u003d2.29.461591 (62ebf098771772160f391d75e589dc567915b233), userDataDir\u003dC:\\Users\\Jeffrey\\AppData\\Local\\Temp\\scoped_dir11412_5527}, takesHeapSnapshot\u003dtrue, pageLoadStrategy\u003dnormal, databaseEnabled\u003dfalse, handlesAlerts\u003dtrue, hasTouchScreen\u003dfalse, version\u003d63.0.3239.132, platform\u003dXP, browserConnectionEnabled\u003dfalse, nativeEvents\u003dtrue, acceptSslCerts\u003dtrue, locationContextEnabled\u003dtrue, webStorageEnabled\u003dtrue, browserName\u003dchrome, takesScreenshot\u003dtrue, javascriptEnabled\u003dtrue, cssSelectorsEnabled\u003dtrue, unexpectedAlertBehaviour\u003d}]\nSession ID: 52749aa1de42117a1bef1b826d8a6442\n*** Element info: {Using\u003dcss selector, value\u003d#otpMode}","stackTrace":[{"moduleName":"java.base","moduleVersion":"9","declaringClass":"jdk.internal.reflect.NativeConstructorAccessorImpl","methodName":"newInstance0","fileName":"NativeConstructorAccessorImpl.java","lineNumber":-2,"format":2},{"moduleName":"java.base","moduleVersion":"9","declaringClass":"jdk.internal.reflect.NativeConstructorAccessorImpl","methodName":"newInstance","fileName":"NativeConstructorAccessorImpl.java","lineNumber":62,"format":2},{"moduleName":"java.base","moduleVersion":"9","declaringClass":"jdk.internal.reflect.DelegatingConstructorAccessorImpl","methodName":"newInstance","fileName":"DelegatingConstructorAccessorImpl.java","lineNumber":45,"format":2},{"classLoaderName":"app","declaringClass":"com.google.common.collect.TransformedIterator","methodName":"next","fileName":"TransformedIterator.java","lineNumber":47,"format":1},{"classLoaderName":"app","declaringClass":"com.google.common.collect.Iterators","methodName":"addAll","fileName":"Iterators.java","lineNumber":367,"format":1},{"classLoaderName":"app","declaringClass":"com.google.common.collect.Lists","methodName":"newArrayList","fileName":"Lists.java","lineNumber":165,"format":1},{"classLoaderName":"app","declaringClass":"com.google.common.collect.Lists","methodName":"newArrayList","fileName":"Lists.java","lineNumber":150,"format":1},{"classLoaderName":"app","declaringClass":"sg.four.serenity.callisto.tasks.FillUpSitefinityLoginForm","methodName":"performAs","fileName":"FillUpSitefinityLoginForm.java","lineNumber":58,"format":1},{"classLoaderName":"app","declaringClass":"sg.four.serenity.callisto.steps.ManageContentSteps","methodName":"tries_to_log_in_to_the_CMS_with_wrong_password","fileName":"ManageContentSteps.java","lineNumber":37,"format":1},{"moduleName":"java.base","moduleVersion":"9","declaringClass":"jdk.internal.reflect.NativeMethodAccessorImpl","methodName":"invoke0","fileName":"NativeMethodAccessorImpl.java","lineNumber":-2,"format":2},{"moduleName":"java.base","moduleVersion":"9","declaringClass":"jdk.internal.reflect.NativeMethodAccessorImpl","methodName":"invoke","fileName":"NativeMethodAccessorImpl.java","lineNumber":62,"format":2},{"moduleName":"java.base","moduleVersion":"9","declaringClass":"jdk.internal.reflect.DelegatingMethodAccessorImpl","methodName":"invoke","fileName":"DelegatingMethodAccessorImpl.java","lineNumber":43,"format":2}]},"result":"ERROR","precondition":false,"children":[{"number":2,"description":"\u0027Unauthorised\u0027 opens the Sitefinity dashboard page","duration":20018,"startTime":"2018-02-26T06:01:48.384337500+08:00[Asia/Singapore]","screenshots":[{"screenshot":"1833c078fc0dc34c9adbc6a62bfac5ad9c9b9c987e518e6931f0df47d889a754.png"}],"result":"SUCCESS","precondition":false}]},{"number":3,"description":"Perform as: \u0027Unauthorised\u0027","duration":14,"startTime":"2018-02-26T06:03:15.757039600+08:00[Asia/Singapore]","exception":{"errorType":"org.openqa.selenium.NoSuchElementException","message":"no such element: Unable to locate element: {\"method\":\"css selector\",\"selector\":\"#otpMode\"}\n  (Session info: chrome\u003d63.0.3239.132)\n  (Driver info: chromedriver\u003d2.29.461591 (62ebf098771772160f391d75e589dc567915b233),platform\u003dWindows NT 10.0.16299 x86_64) (WARNING: The server did not provide any stacktrace information)\nCommand duration or timeout: 3.06 seconds\nFor documentation on this error, please visit: http://seleniumhq.org/exceptions/no_such_element.html\nBuild info: version: \u00273.4.0\u0027, revision: \u0027unknown\u0027, time: \u0027unknown\u0027\nSystem info: host: \u0027FAMILY-WIN8\u0027, ip: \u0027169.254.230.34\u0027, os.name: \u0027Windows 10\u0027, os.arch: \u0027amd64\u0027, os.version: \u002710.0\u0027, java.version: \u00279\u0027\nDriver info: org.openqa.selenium.remote.RemoteWebDriver\nCapabilities [{applicationCacheEnabled\u003dfalse, rotatable\u003dfalse, mobileEmulationEnabled\u003dfalse, networkConnectionEnabled\u003dfalse, chrome\u003d{chromedriverVersion\u003d2.29.461591 (62ebf098771772160f391d75e589dc567915b233), userDataDir\u003dC:\\Users\\Jeffrey\\AppData\\Local\\Temp\\scoped_dir11412_5527}, takesHeapSnapshot\u003dtrue, pageLoadStrategy\u003dnormal, databaseEnabled\u003dfalse, handlesAlerts\u003dtrue, hasTouchScreen\u003dfalse, version\u003d63.0.3239.132, platform\u003dXP, browserConnectionEnabled\u003dfalse, nativeEvents\u003dtrue, acceptSslCerts\u003dtrue, locationContextEnabled\u003dtrue, webStorageEnabled\u003dtrue, browserName\u003dchrome, takesScreenshot\u003dtrue, javascriptEnabled\u003dtrue, cssSelectorsEnabled\u003dtrue, unexpectedAlertBehaviour\u003d}]\nSession ID: 52749aa1de42117a1bef1b826d8a6442\n*** Element info: {Using\u003dcss selector, value\u003d#otpMode}","stackTrace":[{"moduleName":"java.base","moduleVersion":"9","declaringClass":"jdk.internal.reflect.NativeConstructorAccessorImpl","methodName":"newInstance0","fileName":"NativeConstructorAccessorImpl.java","lineNumber":-2,"format":2},{"moduleName":"java.base","moduleVersion":"9","declaringClass":"jdk.internal.reflect.NativeConstructorAccessorImpl","methodName":"newInstance","fileName":"NativeConstructorAccessorImpl.java","lineNumber":62,"format":2},{"moduleName":"java.base","moduleVersion":"9","declaringClass":"jdk.internal.reflect.DelegatingConstructorAccessorImpl","methodName":"newInstance","fileName":"DelegatingConstructorAccessorImpl.java","lineNumber":45,"format":2},{"classLoaderName":"app","declaringClass":"com.google.common.collect.TransformedIterator","methodName":"next","fileName":"TransformedIterator.java","lineNumber":47,"format":1},{"classLoaderName":"app","declaringClass":"com.google.common.collect.Iterators","methodName":"addAll","fileName":"Iterators.java","lineNumber":367,"format":1},{"classLoaderName":"app","declaringClass":"com.google.common.collect.Lists","methodName":"newArrayList","fileName":"Lists.java","lineNumber":165,"format":1},{"classLoaderName":"app","declaringClass":"com.google.common.collect.Lists","methodName":"newArrayList","fileName":"Lists.java","lineNumber":150,"format":1},{"classLoaderName":"app","declaringClass":"sg.four.serenity.callisto.tasks.FillUpSitefinityLoginForm","methodName":"performAs","fileName":"FillUpSitefinityLoginForm.java","lineNumber":58,"format":1},{"classLoaderName":"app","declaringClass":"sg.four.serenity.callisto.steps.ManageContentSteps","methodName":"tries_to_log_in_to_the_CMS_with_wrong_password","fileName":"ManageContentSteps.java","lineNumber":37,"format":1},{"moduleName":"java.base","moduleVersion":"9","declaringClass":"jdk.internal.reflect.NativeMethodAccessorImpl","methodName":"invoke0","fileName":"NativeMethodAccessorImpl.java","lineNumber":-2,"format":2},{"moduleName":"java.base","moduleVersion":"9","declaringClass":"jdk.internal.reflect.NativeMethodAccessorImpl","methodName":"invoke","fileName":"NativeMethodAccessorImpl.java","lineNumber":62,"format":2},{"moduleName":"java.base","moduleVersion":"9","declaringClass":"jdk.internal.reflect.DelegatingMethodAccessorImpl","methodName":"invoke","fileName":"DelegatingMethodAccessorImpl.java","lineNumber":43,"format":2}]},"result":"ERROR","precondition":false},{"number":4,"description":"* \u0027Unauthorised\u0027 tries to log in to the CMS with wrong password","duration":17,"startTime":"2018-02-26T06:03:15.795064100+08:00[Asia/Singapore]","exception":{"errorType":"org.openqa.selenium.NoSuchElementException","message":"no such element: Unable to locate element: {\"method\":\"css selector\",\"selector\":\"#otpMode\"}\n  (Session info: chrome\u003d63.0.3239.132)\n  (Driver info: chromedriver\u003d2.29.461591 (62ebf098771772160f391d75e589dc567915b233),platform\u003dWindows NT 10.0.16299 x86_64) (WARNING: The server did not provide any stacktrace information)\nCommand duration or timeout: 3.06 seconds\nFor documentation on this error, please visit: http://seleniumhq.org/exceptions/no_such_element.html\nBuild info: version: \u00273.4.0\u0027, revision: \u0027unknown\u0027, time: \u0027unknown\u0027\nSystem info: host: \u0027FAMILY-WIN8\u0027, ip: \u0027169.254.230.34\u0027, os.name: \u0027Windows 10\u0027, os.arch: \u0027amd64\u0027, os.version: \u002710.0\u0027, java.version: \u00279\u0027\nDriver info: org.openqa.selenium.remote.RemoteWebDriver\nCapabilities [{applicationCacheEnabled\u003dfalse, rotatable\u003dfalse, mobileEmulationEnabled\u003dfalse, networkConnectionEnabled\u003dfalse, chrome\u003d{chromedriverVersion\u003d2.29.461591 (62ebf098771772160f391d75e589dc567915b233), userDataDir\u003dC:\\Users\\Jeffrey\\AppData\\Local\\Temp\\scoped_dir11412_5527}, takesHeapSnapshot\u003dtrue, pageLoadStrategy\u003dnormal, databaseEnabled\u003dfalse, handlesAlerts\u003dtrue, hasTouchScreen\u003dfalse, version\u003d63.0.3239.132, platform\u003dXP, browserConnectionEnabled\u003dfalse, nativeEvents\u003dtrue, acceptSslCerts\u003dtrue, locationContextEnabled\u003dtrue, webStorageEnabled\u003dtrue, browserName\u003dchrome, takesScreenshot\u003dtrue, javascriptEnabled\u003dtrue, cssSelectorsEnabled\u003dtrue, unexpectedAlertBehaviour\u003d}]\nSession ID: 52749aa1de42117a1bef1b826d8a6442\n*** Element info: {Using\u003dcss selector, value\u003d#otpMode}\nFor documentation on this error, please visit: http://seleniumhq.org/exceptions/no_such_element.html\nBuild info: version: \u00273.4.0\u0027, revision: \u0027unknown\u0027, time: \u0027unknown\u0027\nSystem info: host: \u0027FAMILY-WIN8\u0027, ip: \u0027169.254.230.34\u0027, os.name: \u0027Windows 10\u0027, os.arch: \u0027amd64\u0027, os.version: \u002710.0\u0027, java.version: \u00279\u0027\nDriver info: driver.version: unknown","stackTrace":[{"moduleName":"java.base","moduleVersion":"9","declaringClass":"jdk.internal.reflect.NativeConstructorAccessorImpl","methodName":"newInstance0","fileName":"NativeConstructorAccessorImpl.java","lineNumber":-2,"format":2},{"moduleName":"java.base","moduleVersion":"9","declaringClass":"jdk.internal.reflect.NativeConstructorAccessorImpl","methodName":"newInstance","fileName":"NativeConstructorAccessorImpl.java","lineNumber":62,"format":2},{"moduleName":"java.base","moduleVersion":"9","declaringClass":"jdk.internal.reflect.DelegatingConstructorAccessorImpl","methodName":"newInstance","fileName":"DelegatingConstructorAccessorImpl.java","lineNumber":45,"format":2},{"classLoaderName":"app","declaringClass":"com.google.common.collect.TransformedIterator","methodName":"next","fileName":"TransformedIterator.java","lineNumber":47,"format":1},{"classLoaderName":"app","declaringClass":"com.google.common.collect.Iterators","methodName":"addAll","fileName":"Iterators.java","lineNumber":367,"format":1},{"classLoaderName":"app","declaringClass":"com.google.common.collect.Lists","methodName":"newArrayList","fileName":"Lists.java","lineNumber":165,"format":1},{"classLoaderName":"app","declaringClass":"com.google.common.collect.Lists","methodName":"newArrayList","fileName":"Lists.java","lineNumber":150,"format":1},{"classLoaderName":"app","declaringClass":"sg.four.serenity.callisto.tasks.FillUpSitefinityLoginForm","methodName":"performAs","fileName":"FillUpSitefinityLoginForm.java","lineNumber":58,"format":1},{"classLoaderName":"app","declaringClass":"sg.four.serenity.callisto.steps.ManageContentSteps","methodName":"tries_to_log_in_to_the_CMS_with_wrong_password","fileName":"ManageContentSteps.java","lineNumber":37,"format":1},{"moduleName":"java.base","moduleVersion":"9","declaringClass":"jdk.internal.reflect.NativeMethodAccessorImpl","methodName":"invoke0","fileName":"NativeMethodAccessorImpl.java","lineNumber":-2,"format":2},{"moduleName":"java.base","moduleVersion":"9","declaringClass":"jdk.internal.reflect.NativeMethodAccessorImpl","methodName":"invoke","fileName":"NativeMethodAccessorImpl.java","lineNumber":62,"format":2},{"moduleName":"java.base","moduleVersion":"9","declaringClass":"jdk.internal.reflect.DelegatingMethodAccessorImpl","methodName":"invoke","fileName":"DelegatingMethodAccessorImpl.java","lineNumber":43,"format":2}]},"result":"ERROR","precondition":false}],"userStory":{"id":"manages-content-in-the-sitefinity-cms","storyName":"Manages Content in the Sitefinity CMS","path":"src/test/resources/features/cms/ManageContent.feature","narrative":"Users should be able to login to the Sitefinity CMS and manage the content for the HPB Corporate Website (Callisto)","type":"feature"},"featureTag":{"name":"Cms/Manages Content in the Sitefinity CMS","type":"feature"},"title":"Unauthorised tries to log in to the CMS with wrong password @Skip","description":"","tags":[{"name":"login-fail","type":"tag"},{"name":"Cms","type":"capability"},{"name":"Cms/Manages content in the sitefinity cms","type":"feature"},{"name":"cms-uat","type":"tag"}],"startTime":"2018-02-26T06:01:48.354320500+08:00[Asia/Singapore]","duration":87458,"testFailureCause":{"errorType":"org.openqa.selenium.NoSuchElementException","message":"no such element: Unable to locate element: {\"method\":\"css selector\",\"selector\":\"#otpMode\"}\n  (Session info: chrome\u003d63.0.3239.132)\n  (Driver info: chromedriver\u003d2.29.461591 (62ebf098771772160f391d75e589dc567915b233),platform\u003dWindows NT 10.0.16299 x86_64) (WARNING: The server did not provide any stacktrace information)\nCommand duration or timeout: 3.06 seconds\nFor documentation on this error, please visit: http://seleniumhq.org/exceptions/no_such_element.html\nBuild info: version: \u00273.4.0\u0027, revision: \u0027unknown\u0027, time: \u0027unknown\u0027\nSystem info: host: \u0027FAMILY-WIN8\u0027, ip: \u0027169.254.230.34\u0027, os.name: \u0027Windows 10\u0027, os.arch: \u0027amd64\u0027, os.version: \u002710.0\u0027, java.version: \u00279\u0027\nDriver info: org.openqa.selenium.remote.RemoteWebDriver\nCapabilities [{applicationCacheEnabled\u003dfalse, rotatable\u003dfalse, mobileEmulationEnabled\u003dfalse, networkConnectionEnabled\u003dfalse, chrome\u003d{chromedriverVersion\u003d2.29.461591 (62ebf098771772160f391d75e589dc567915b233), userDataDir\u003dC:\\Users\\Jeffrey\\AppData\\Local\\Temp\\scoped_dir11412_5527}, takesHeapSnapshot\u003dtrue, pageLoadStrategy\u003dnormal, databaseEnabled\u003dfalse, handlesAlerts\u003dtrue, hasTouchScreen\u003dfalse, version\u003d63.0.3239.132, platform\u003dXP, browserConnectionEnabled\u003dfalse, nativeEvents\u003dtrue, acceptSslCerts\u003dtrue, locationContextEnabled\u003dtrue, webStorageEnabled\u003dtrue, browserName\u003dchrome, takesScreenshot\u003dtrue, javascriptEnabled\u003dtrue, cssSelectorsEnabled\u003dtrue, unexpectedAlertBehaviour\u003d}]\nSession ID: 52749aa1de42117a1bef1b826d8a6442\n*** Element info: {Using\u003dcss selector, value\u003d#otpMode}","stackTrace":[{"moduleName":"java.base","moduleVersion":"9","declaringClass":"jdk.internal.reflect.NativeConstructorAccessorImpl","methodName":"newInstance0","fileName":"NativeConstructorAccessorImpl.java","lineNumber":-2,"format":2},{"moduleName":"java.base","moduleVersion":"9","declaringClass":"jdk.internal.reflect.NativeConstructorAccessorImpl","methodName":"newInstance","fileName":"NativeConstructorAccessorImpl.java","lineNumber":62,"format":2},{"moduleName":"java.base","moduleVersion":"9","declaringClass":"jdk.internal.reflect.DelegatingConstructorAccessorImpl","methodName":"newInstance","fileName":"DelegatingConstructorAccessorImpl.java","lineNumber":45,"format":2},{"classLoaderName":"app","declaringClass":"com.google.common.collect.TransformedIterator","methodName":"next","fileName":"TransformedIterator.java","lineNumber":47,"format":1},{"classLoaderName":"app","declaringClass":"com.google.common.collect.Iterators","methodName":"addAll","fileName":"Iterators.java","lineNumber":367,"format":1},{"classLoaderName":"app","declaringClass":"com.google.common.collect.Lists","methodName":"newArrayList","fileName":"Lists.java","lineNumber":165,"format":1},{"classLoaderName":"app","declaringClass":"com.google.common.collect.Lists","methodName":"newArrayList","fileName":"Lists.java","lineNumber":150,"format":1},{"classLoaderName":"app","declaringClass":"sg.four.serenity.callisto.tasks.FillUpSitefinityLoginForm","methodName":"performAs","fileName":"FillUpSitefinityLoginForm.java","lineNumber":58,"format":1},{"classLoaderName":"app","declaringClass":"sg.four.serenity.callisto.steps.ManageContentSteps","methodName":"tries_to_log_in_to_the_CMS_with_wrong_password","fileName":"ManageContentSteps.java","lineNumber":37,"format":1},{"moduleName":"java.base","moduleVersion":"9","declaringClass":"jdk.internal.reflect.NativeMethodAccessorImpl","methodName":"invoke0","fileName":"NativeMethodAccessorImpl.java","lineNumber":-2,"format":2},{"moduleName":"java.base","moduleVersion":"9","declaringClass":"jdk.internal.reflect.NativeMethodAccessorImpl","methodName":"invoke","fileName":"NativeMethodAccessorImpl.java","lineNumber":62,"format":2},{"moduleName":"java.base","moduleVersion":"9","declaringClass":"jdk.internal.reflect.DelegatingMethodAccessorImpl","methodName":"invoke","fileName":"DelegatingMethodAccessorImpl.java","lineNumber":43,"format":2}]},"testFailureClassname":"org.openqa.selenium.NoSuchElementException","testFailureMessage":"no such element: Unable to locate element: {\"method\":\"css selector\",\"selector\":\"#otpMode\"}\n  (Session info: chrome\u003d63.0.3239.132)\n  (Driver info: chromedriver\u003d2.29.461591 (62ebf098771772160f391d75e589dc567915b233),platform\u003dWindows NT 10.0.16299 x86_64) (WARNING: The server did not provide any stacktrace information)\nCommand duration or timeout: 3.06 seconds\nFor documentation on this error, please visit: http://seleniumhq.org/exceptions/no_such_element.html\nBuild info: version: \u00273.4.0\u0027, revision: \u0027unknown\u0027, time: \u0027unknown\u0027\nSystem info: host: \u0027FAMILY-WIN8\u0027, ip: \u0027169.254.230.34\u0027, os.name: \u0027Windows 10\u0027, os.arch: \u0027amd64\u0027, os.version: \u002710.0\u0027, java.version: \u00279\u0027\nDriver info: org.openqa.selenium.remote.RemoteWebDriver\nCapabilities [{applicationCacheEnabled\u003dfalse, rotatable\u003dfalse, mobileEmulationEnabled\u003dfalse, networkConnectionEnabled\u003dfalse, chrome\u003d{chromedriverVersion\u003d2.29.461591 (62ebf098771772160f391d75e589dc567915b233), userDataDir\u003dC:\\Users\\Jeffrey\\AppData\\Local\\Temp\\scoped_dir11412_5527}, takesHeapSnapshot\u003dtrue, pageLoadStrategy\u003dnormal, databaseEnabled\u003dfalse, handlesAlerts\u003dtrue, hasTouchScreen\u003dfalse, version\u003d63.0.3239.132, platform\u003dXP, browserConnectionEnabled\u003dfalse, nativeEvents\u003dtrue, acceptSslCerts\u003dtrue, locationContextEnabled\u003dtrue, webStorageEnabled\u003dtrue, browserName\u003dchrome, takesScreenshot\u003dtrue, javascriptEnabled\u003dtrue, cssSelectorsEnabled\u003dtrue, unexpectedAlertBehaviour\u003d}]\nSession ID: 52749aa1de42117a1bef1b826d8a6442\n*** Element info: {Using\u003dcss selector, value\u003d#otpMode}","testFailureSummary":"ERROR;org.openqa.selenium.NoSuchElementException;no such element: Unable to locate element: {\"method\":\"css selector\",\"selector\":\"#otpMode\"}\n  (Session info: chrome\u003d63.0.3239.132)\n  (Driver info: chromedriver\u003d2.29.461591 (62ebf098771772160f391d75e589dc567915b233),platform\u003dWindows NT 10.0.16299 x86_64) (WARNING: The server did not provide any stacktrace information)\nCommand duration or timeout: 3.06 seconds\nFor documentation on this error, please visit: http://seleniumhq.org/exceptions/no_such_element.html\nBuild info: version: \u00273.4.0\u0027, revision: \u0027unknown\u0027, time: \u0027unknown\u0027\nSystem info: host: \u0027FAMILY-WIN8\u0027, ip: \u0027169.254.230.34\u0027, os.name: \u0027Windows 10\u0027, os.arch: \u0027amd64\u0027, os.version: \u002710.0\u0027, java.version: \u00279\u0027\nDriver info: org.openqa.selenium.remote.RemoteWebDriver\nCapabilities [{applicationCacheEnabled\u003dfalse, rotatable\u003dfalse, mobileEmulationEnabled\u003dfalse, networkConnectionEnabled\u003dfalse, chrome\u003d{chromedriverVersion\u003d2.29.461591 (62ebf098771772160f391d75e589dc567915b233), userDataDir\u003dC:\\Users\\Jeffrey\\AppData\\Local\\Temp\\scoped_dir11412_5527}, takesHeapSnapshot\u003dtrue, pageLoadStrategy\u003dnormal, databaseEnabled\u003dfalse, handlesAlerts\u003dtrue, hasTouchScreen\u003dfalse, version\u003d63.0.3239.132, platform\u003dXP, browserConnectionEnabled\u003dfalse, nativeEvents\u003dtrue, acceptSslCerts\u003dtrue, locationContextEnabled\u003dtrue, webStorageEnabled\u003dtrue, browserName\u003dchrome, takesScreenshot\u003dtrue, javascriptEnabled\u003dtrue, cssSelectorsEnabled\u003dtrue, unexpectedAlertBehaviour\u003d}]\nSession ID: 52749aa1de42117a1bef1b826d8a6442\n*** Element info: {Using\u003dcss selector, value\u003d#otpMode};NativeConstructorAccessorImpl.java","projectKey":"","annotatedResult":"ERROR","sessionId":"52749aa1de42117a1bef1b826d8a6442","driver":"chrome:\u0027unauthorised\u0027","manual":false,"testSource":"Cucumber","result":"ERROR"}