{"name":"Kallista visits the news page","id":"visit-the-hpb-corporate-website;kallista-visits-the-news-page","testSteps":[{"number":1,"description":"* \u0027Kallista\u0027 visits the news page","duration":42558,"startTime":"2018-02-26T05:56:26.068766500+08:00[Asia/Singapore]","screenshots":[{"screenshot":"436f626293f89bf9e4e0d31a46b28644c29db2186b69cc359637a4920f520851.png"}],"result":"SUCCESS","precondition":false,"children":[{"number":2,"description":"\u0027Kallista\u0027 opens the News page","duration":25849,"startTime":"2018-02-26T05:56:26.150319200+08:00[Asia/Singapore]","screenshots":[{"screenshot":"fff3131155e1a44a10dce10f7075539b2b809479612e193f4cd11b7d9a69b579.png"}],"result":"SUCCESS","precondition":false},{"number":3,"description":"Then Show about intro text should be a string containing \u0027This section contains press releases issued by the Health Promotion Board.\u0027","duration":2803,"startTime":"2018-02-26T05:56:52.007268300+08:00[Asia/Singapore]","screenshots":[{"screenshot":"fff3131155e1a44a10dce10f7075539b2b809479612e193f4cd11b7d9a69b579.png"}],"result":"SUCCESS","precondition":false},{"number":4,"description":"Then news cards shown in the news section should be a collection containing a string containing \u0027Singapore Health Award recognises 223 Recipients for Positively Impacting Workers\u0027 Health and Wellbeing\u0027","duration":3625,"startTime":"2018-02-26T05:56:55.063379200+08:00[Asia/Singapore]","screenshots":[{"screenshot":"436f626293f89bf9e4e0d31a46b28644c29db2186b69cc359637a4920f520851.png"}],"result":"SUCCESS","precondition":false},{"number":5,"description":"Then news cards shown in the news section should be a collection containing a string containing \u0027Over 300,000 Workers given direct access to customised health and wellness programmes at their workplaces\u0027","duration":1758,"startTime":"2018-02-26T05:56:58.693121400+08:00[Asia/Singapore]","screenshots":[{"screenshot":"436f626293f89bf9e4e0d31a46b28644c29db2186b69cc359637a4920f520851.png"}],"result":"SUCCESS","precondition":false},{"number":6,"description":"Then news cards shown in the news section should be a collection containing a string containing \u0027Healthier dining programme extended to include food in hawker centres and coffee shops\u0027","duration":1801,"startTime":"2018-02-26T05:57:00.455298400+08:00[Asia/Singapore]","screenshots":[{"screenshot":"436f626293f89bf9e4e0d31a46b28644c29db2186b69cc359637a4920f520851.png"}],"result":"SUCCESS","precondition":false},{"number":7,"description":"Then news cards shown in the news section should be a collection containing a string containing \u0027National Steps Challenge\u0026trade; Season Two\u0027","duration":1784,"startTime":"2018-02-26T05:57:02.260710200+08:00[Asia/Singapore]","screenshots":[{"screenshot":"436f626293f89bf9e4e0d31a46b28644c29db2186b69cc359637a4920f520851.png"}],"result":"SUCCESS","precondition":false},{"number":8,"description":"Then news cards shown in the news section should be a collection containing a string containing \u0027Response to competition commission of Singapore\u0027s recommendations on formula milk\u0027","duration":1757,"startTime":"2018-02-26T05:57:04.048558600+08:00[Asia/Singapore]","screenshots":[{"screenshot":"436f626293f89bf9e4e0d31a46b28644c29db2186b69cc359637a4920f520851.png"}],"result":"SUCCESS","precondition":false},{"number":9,"description":"Then news cards shown in the news section should be a collection containing a string containing \u0027New exercise campaign to encourage active living among seniors, including those with reduced mobility\u0027","duration":2101,"startTime":"2018-02-26T05:57:05.809232100+08:00[Asia/Singapore]","screenshots":[{"screenshot":"436f626293f89bf9e4e0d31a46b28644c29db2186b69cc359637a4920f520851.png"}],"result":"SUCCESS","precondition":false}]}],"userStory":{"id":"visit-the-hpb-corporate-website","storyName":"Visit the HPB Corporate Website","path":"src/test/resources/features/browse/CallistoVisitor.feature","narrative":"Users should see \"Home\", \"About\", \"Schools\", \"Community\", \"Healthy Living\", \"Partnerships\" in the main menu bar and search the website","type":"feature"},"featureTag":{"name":"Browse/Visit the HPB Corporate Website","type":"feature"},"title":"Kallista visits the news page","description":"","tags":[{"name":"browse","type":"tag"},{"name":"Browse/Visit the hpb corporate website","type":"feature"},{"name":"Browse","type":"capability"},{"name":"news","type":"tag"}],"startTime":"2018-02-26T05:56:26.051254+08:00[Asia/Singapore]","duration":42577,"projectKey":"","sessionId":"178e7837d20d32068abe77e938c6dbdf","driver":"chrome:\u0027kallista\u0027","manual":false,"testSource":"Cucumber","result":"SUCCESS"}