{"name":"Kallista visits the partnership page","id":"visit-the-hpb-corporate-website;kallista-visits-the-partnership-page","testSteps":[{"number":1,"description":"* \u0027Kallista\u0027 visits the partnership page","duration":42023,"startTime":"2018-02-26T05:55:39.057761300+08:00[Asia/Singapore]","screenshots":[{"screenshot":"e9ef323bb74558da3b02698d9b1a320642d80989713398e9007752b6b5419154.png"}],"result":"SUCCESS","precondition":false,"children":[{"number":2,"description":"\u0027Kallista\u0027 opens the Partnership page","duration":26402,"startTime":"2018-02-26T05:55:39.102792600+08:00[Asia/Singapore]","screenshots":[{"screenshot":"dc07be1fb6847ecfc55df22a25fd9b5d0eee4d430e12ae96a19968b36299b65b.png"}],"result":"SUCCESS","precondition":false},{"number":3,"description":"Then Show about intro text should be a string containing \u0027Building a healthy nation is not a task we can accomplish solely on our own. We work with a variety of partners to run and co-create health promoting festivals and programmes.\u0027","duration":3142,"startTime":"2018-02-26T05:56:05.511082200+08:00[Asia/Singapore]","screenshots":[{"screenshot":"dc07be1fb6847ecfc55df22a25fd9b5d0eee4d430e12ae96a19968b36299b65b.png"}],"result":"SUCCESS","precondition":false},{"number":4,"description":"Then tabs shown in the landing page should be a collection containing a string containing \u0027Partner Merchants\u0027","duration":3865,"startTime":"2018-02-26T05:56:08.878811800+08:00[Asia/Singapore]","screenshots":[{"screenshot":"e9ef323bb74558da3b02698d9b1a320642d80989713398e9007752b6b5419154.png"}],"result":"SUCCESS","precondition":false},{"number":5,"description":"Then tabs shown in the landing page should be a collection containing a string containing \u0027Partnership Opportunities\u0027","duration":2474,"startTime":"2018-02-26T05:56:12.747897600+08:00[Asia/Singapore]","screenshots":[{"screenshot":"e9ef323bb74558da3b02698d9b1a320642d80989713398e9007752b6b5419154.png"}],"result":"SUCCESS","precondition":false},{"number":6,"description":"Then tabs shown in the landing page should be a collection containing a string containing \u0027Directory of Service Providers\u0027","duration":2302,"startTime":"2018-02-26T05:56:15.226890700+08:00[Asia/Singapore]","screenshots":[{"screenshot":"e9ef323bb74558da3b02698d9b1a320642d80989713398e9007752b6b5419154.png"}],"result":"SUCCESS","precondition":false},{"number":7,"description":"Then tabs shown in the landing page should be a collection containing a string containing \u0027Grants\u0027","duration":2520,"startTime":"2018-02-26T05:56:17.535929900+08:00[Asia/Singapore]","screenshots":[{"screenshot":"e9ef323bb74558da3b02698d9b1a320642d80989713398e9007752b6b5419154.png"}],"result":"SUCCESS","precondition":false}]}],"userStory":{"id":"visit-the-hpb-corporate-website","storyName":"Visit the HPB Corporate Website","path":"src/test/resources/features/browse/CallistoVisitor.feature","narrative":"Users should see \"Home\", \"About\", \"Schools\", \"Community\", \"Healthy Living\", \"Partnerships\" in the main menu bar and search the website","type":"feature"},"featureTag":{"name":"Browse/Visit the HPB Corporate Website","type":"feature"},"title":"Kallista visits the partnership page","description":"","tags":[{"name":"browse","type":"tag"},{"name":"Browse/Visit the hpb corporate website","type":"feature"},{"name":"Browse","type":"capability"},{"name":"partnership","type":"tag"}],"startTime":"2018-02-26T05:55:39.045753800+08:00[Asia/Singapore]","duration":42037,"projectKey":"","sessionId":"bb58dec9256b5ffa6595f18ab116d3f0","driver":"chrome:\u0027kallista\u0027","manual":false,"testSource":"Cucumber","result":"SUCCESS"}