{"name":"Kallista sees the navigation menu","id":"visit-the-hpb-corporate-website;kallista-sees-the-navigation-menu","testSteps":[{"number":1,"description":"* \u0027Kallista\u0027 sees the navigation menu","duration":62884,"startTime":"2018-02-26T05:46:19.069651300+08:00[Asia/Singapore]","screenshots":[{"screenshot":"52a2f7ef08b16818d0acf66a74260aa83e6eeca74c76752f9b8c2edd7ed4c214.png"}],"result":"SUCCESS","precondition":false,"children":[{"number":2,"description":"\u0027Kallista\u0027 opens the Home page","duration":32732,"startTime":"2018-02-26T05:46:19.092663700+08:00[Asia/Singapore]","screenshots":[{"screenshot":"bf40bbee6e0c556b0004ffc79c2ab1699eac6d448dd9f1ee286453a666858afa.png"}],"result":"SUCCESS","precondition":false},{"number":3,"description":"Then Show search results should be a collection containing a string containing \u0027Home\u0027","duration":3462,"startTime":"2018-02-26T05:46:51.940446400+08:00[Asia/Singapore]","screenshots":[{"screenshot":"e3cac186d776c8d1a598574b8c2ace0bca6b45008a09124e64e40782cc4f9d21.png"},{"screenshot":"46b7d61334da918a05d911fc227969c8e233ddaab731f269dacc6f63d2d2262a.png"}],"result":"SUCCESS","precondition":false},{"number":4,"description":"Then Show search results should be a collection containing a string containing \u0027About\u0027","duration":4158,"startTime":"2018-02-26T05:46:55.415473200+08:00[Asia/Singapore]","screenshots":[{"screenshot":"0f53714b0350407a9bfc1d37b7817f0fcc154b24ffee341dcf5e6141e64553e9.png"},{"screenshot":"a244c7ea62e85404def37712f57cc533215ea337ecc823454573ccc13e5da154.png"}],"result":"SUCCESS","precondition":false},{"number":5,"description":"Then Show search results should be a collection containing a string containing \u0027Workplace\u0027","duration":3863,"startTime":"2018-02-26T05:46:59.616321900+08:00[Asia/Singapore]","screenshots":[{"screenshot":"b4bc76688f75322f817b4e58149ffa7640e72e7952e43dcbd65b57453bf46cdd.png"},{"screenshot":"ee80b2a2e226a00f406adecc455358d8c9e48bb01af615c8c5b200b72847161a.png"}],"result":"SUCCESS","precondition":false},{"number":6,"description":"Then Show search results should be a collection containing a string containing \u0027Schools\u0027","duration":4265,"startTime":"2018-02-26T05:47:03.486482+08:00[Asia/Singapore]","screenshots":[{"screenshot":"e353d57e717bc7acc257de64356d92c36e290f85484a298de98eb18ab76269a3.png"},{"screenshot":"2fff59a5339d16025db94150b01004b2f38e8a5626298401cf1a2da1d452d645.png"}],"result":"SUCCESS","precondition":false},{"number":7,"description":"Then Show search results should be a collection containing a string containing \u0027Community\u0027","duration":4959,"startTime":"2018-02-26T05:47:07.756722700+08:00[Asia/Singapore]","screenshots":[{"screenshot":"a34464b010bb4c2bafa7305df271fb931b9fe66b3b5600e946178f326349e0b2.png"},{"screenshot":"f65144364bbb88968a0b78ff92f4a686de5fff53e404961f0116bc19d13b7d15.png"}],"result":"SUCCESS","precondition":false},{"number":8,"description":"Then Show search results should be a collection containing a string containing \u0027Healthy Living\u0027","duration":3979,"startTime":"2018-02-26T05:47:12.721492900+08:00[Asia/Singapore]","screenshots":[{"screenshot":"2c3c3fc0b25be92d5684dff6ff87cd6b389d6e2da4a5984f76a8b162cf7abff5.png"},{"screenshot":"9ffc49a11343a4737e0ac9937460b750f8bdecfc76968999d9fe3ef640e4d257.png"}],"result":"SUCCESS","precondition":false},{"number":9,"description":"Then Show search results should be a collection containing a string containing \u0027Partnerships\u0027","duration":3737,"startTime":"2018-02-26T05:47:16.709686700+08:00[Asia/Singapore]","screenshots":[{"screenshot":"51de16fc7abb5c5e4471d01815409d8e598681f85209fa8e4d3e195a73577b38.png"},{"screenshot":"7729628c1be6b6b42da524e8ff6710292110b33162434690f9ad77a731f48d0f.png"}],"result":"SUCCESS","precondition":false}]}],"userStory":{"id":"visit-the-hpb-corporate-website","storyName":"Visit the HPB Corporate Website","path":"src/test/resources/features/browse/CallistoVisitor.feature","narrative":"Users should see \"Home\", \"About\", \"Schools\", \"Community\", \"Healthy Living\", \"Partnerships\" in the main menu bar and search the website","type":"feature"},"featureTag":{"name":"Browse/Visit the HPB Corporate Website","type":"feature"},"title":"Kallista sees the navigation menu","description":"","tags":[{"name":"browse","type":"tag"},{"name":"Browse/Visit the hpb corporate website","type":"feature"},{"name":"main-nav","type":"tag"},{"name":"Browse","type":"capability"}],"startTime":"2018-02-26T05:46:19.058142800+08:00[Asia/Singapore]","duration":62897,"projectKey":"","sessionId":"936e74aedaa3d6d507a2efc0dac30cf9","driver":"chrome:\u0027kallista\u0027","manual":false,"testSource":"Cucumber","result":"SUCCESS"}