{"name":"Kallista visits the community page","id":"visit-the-hpb-corporate-website;kallista-visits-the-community-page","testSteps":[{"number":1,"description":"* \u0027Kallista\u0027 visits the community page","duration":59548,"startTime":"2018-02-26T05:53:53.097333+08:00[Asia/Singapore]","screenshots":[{"screenshot":"ced26558124cad8d4fca55e6aaafe1e9193498322711593d7f33be788b077d42.png"}],"result":"SUCCESS","precondition":false,"children":[{"number":2,"description":"\u0027Kallista\u0027 opens the Community page","duration":39102,"startTime":"2018-02-26T05:53:53.147365900+08:00[Asia/Singapore]","screenshots":[{"screenshot":"1193b7bddba17c4fc698194a058816cfa037b9ee026c35266af96d0d1e017cbd.png"}],"result":"SUCCESS","precondition":false},{"number":3,"description":"Then Show about intro text should be a string containing \u0027By promoting the importance of healthy living anytime and anywhere, as envisioned in the Healthy Living Master Plan, HPB aims to drive sustainable behaviour change and ultimately foster a community that embraces healthy living!\u0027","duration":3665,"startTime":"2018-02-26T05:54:32.256605800+08:00[Asia/Singapore]","screenshots":[{"screenshot":"1193b7bddba17c4fc698194a058816cfa037b9ee026c35266af96d0d1e017cbd.png"}],"result":"SUCCESS","precondition":false},{"number":4,"description":"Then tabs shown in the landing page should be a collection containing a string containing \u0027Healthcare Partners\u0027","duration":4282,"startTime":"2018-02-26T05:54:36.091498400+08:00[Asia/Singapore]","screenshots":[{"screenshot":"ced26558124cad8d4fca55e6aaafe1e9193498322711593d7f33be788b077d42.png"}],"result":"SUCCESS","precondition":false},{"number":5,"description":"Then tabs shown in the landing page should be a collection containing a string containing \u0027Smoking Cessation Consultant Training\u0027","duration":2741,"startTime":"2018-02-26T05:54:40.380427600+08:00[Asia/Singapore]","screenshots":[{"screenshot":"ced26558124cad8d4fca55e6aaafe1e9193498322711593d7f33be788b077d42.png"}],"result":"SUCCESS","precondition":false},{"number":6,"description":"Then tabs shown in the landing page should be a collection containing a string containing \u0027Health Ambassadors\u0027","duration":2913,"startTime":"2018-02-26T05:54:43.127415400+08:00[Asia/Singapore]","screenshots":[{"screenshot":"ced26558124cad8d4fca55e6aaafe1e9193498322711593d7f33be788b077d42.png"}],"result":"SUCCESS","precondition":false},{"number":7,"description":"Then tabs shown in the landing page should be a collection containing a string containing \u0027Health Promoting Malls\u0027","duration":2638,"startTime":"2018-02-26T05:54:46.043998300+08:00[Asia/Singapore]","screenshots":[{"screenshot":"ced26558124cad8d4fca55e6aaafe1e9193498322711593d7f33be788b077d42.png"}],"result":"SUCCESS","precondition":false},{"number":8,"description":"Then tabs shown in the landing page should be a collection containing a string containing \u0027Festivals and Events\u0027","duration":2850,"startTime":"2018-02-26T05:54:48.687256800+08:00[Asia/Singapore]","screenshots":[{"screenshot":"ced26558124cad8d4fca55e6aaafe1e9193498322711593d7f33be788b077d42.png"}],"result":"SUCCESS","precondition":false}]}],"userStory":{"id":"visit-the-hpb-corporate-website","storyName":"Visit the HPB Corporate Website","path":"src/test/resources/features/browse/CallistoVisitor.feature","narrative":"Users should see \"Home\", \"About\", \"Schools\", \"Community\", \"Healthy Living\", \"Partnerships\" in the main menu bar and search the website","type":"feature"},"featureTag":{"name":"Browse/Visit the HPB Corporate Website","type":"feature"},"title":"Kallista visits the community page","description":"","tags":[{"name":"browse","type":"tag"},{"name":"Browse/Visit the hpb corporate website","type":"feature"},{"name":"community","type":"tag"},{"name":"Browse","type":"capability"}],"startTime":"2018-02-26T05:53:53.085326700+08:00[Asia/Singapore]","duration":59567,"projectKey":"","sessionId":"109f129e67cbfd6cd5836d1103203b8d","driver":"chrome:\u0027kallista\u0027","manual":false,"testSource":"Cucumber","result":"SUCCESS"}