{"name":"Click on any item in the main navigation","id":"information-that-hpb-wants-to-expose-to-public-is-displayed-on-the-home-page;click-on-any-item-in-the-main-navigation","testSteps":[{"number":1,"description":"* user sees the About section in the website","duration":38070,"startTime":"2018-02-26T05:44:01.518983600+08:00[Asia/Singapore]","screenshots":[{"screenshot":"ca43aaba1179b840508bc34dec11dc7a1c5b9898d3b88cadfe70de5cdbd727f5.png"}],"result":"SUCCESS","precondition":false,"children":[{"number":2,"description":"Goes to home","duration":30482,"startTime":"2018-02-26T05:44:01.558008700+08:00[Asia/Singapore]","screenshots":[{"screenshot":"703bb1a4bc632ae3449c0f3d1e1dd80b1c428aca285854b3038c1ac16af0c3b7.png"}],"result":"SUCCESS","precondition":false},{"number":3,"description":"Sees main nav bar","duration":5580,"startTime":"2018-02-26T05:44:32.062479900+08:00[Asia/Singapore]","screenshots":[{"screenshot":"58dd0f060eeb9b87fb66e85434ab00bafc2d886de9951c5928e32649a09850af.png"},{"screenshot":"b6ac2a5abec5118226aacd5e5d688536f87f3e6d351d095f2904accaf73e4738.png"}],"result":"SUCCESS","precondition":false}]}],"userStory":{"id":"information-that-hpb-wants-to-expose-to-public-is-displayed-on-the-home-page","storyName":"Information that HPB wants to expose to public is displayed on the home page","path":"src/test/resources/features/visit_homepage/BrowseHomepage.feature","narrative":"Users need to be able to view the main navigation, useful info sections, testimonials, Programs on the home page","type":"feature"},"featureTag":{"name":"Visit homepage/Information that HPB wants to expose to public is displayed on the home page","type":"feature"},"title":"Click on any item in the main navigation","description":"","tags":[{"name":"Visit homepage","type":"capability"},{"name":"Visit homepage/Information that hpb wants to expose to public is displayed on the home page","type":"feature"}],"startTime":"2018-02-26T05:44:01.479458500+08:00[Asia/Singapore]","duration":38113,"projectKey":"","sessionId":"e3c63a51165966cbffd3bd9fdd7fb287","driver":"chrome","manual":false,"testSource":"Cucumber","result":"SUCCESS"}