"Story","Title","Result","Date","Stability","Duration (s)"
"Visit the HPB Corporate Website","Kallista visits the healthy living page","FAILURE","2018-02-26T05:54:56.183451500+08:00[Asia/Singapore]","0.0","38.02"
"Visit the HPB Corporate Website","Kallista submits the satisfaction poll","FAILURE","2018-02-26T05:57:12.937077900+08:00[Asia/Singapore]","0.0","63.96"
"Manages Content in the Sitefinity CMS","Kallista creates a new page","ERROR","2018-02-26T05:58:21.052341100+08:00[Asia/Singapore]","0.0","205.73"
"Manages Content in the Sitefinity CMS","Unauthorised tries to log in to the CMS with wrong password @Skip","ERROR","2018-02-26T06:01:48.354320500+08:00[Asia/Singapore]","0.0","87.46"
"Manages Content in the Sitefinity CMS","Kallista creates page in Sitefinity Cloud","ERROR","2018-02-26T06:03:42.596838+08:00[Asia/Singapore]","0.0","22.65"
