{"name":"Kallista visits the workplace page","id":"visit-the-hpb-corporate-website;kallista-visits-the-workplace-page","testSteps":[{"number":1,"description":"* \u0027Kallista\u0027 visits the workplace page","duration":39263,"startTime":"2018-02-26T05:52:07.579518400+08:00[Asia/Singapore]","screenshots":[{"screenshot":"aa408f2459fd64912345d8f83839d9ec09509f5bdfc0de6226cfe3c3fef564f2.png"}],"result":"SUCCESS","precondition":false,"children":[{"number":2,"description":"\u0027Kallista\u0027 opens the Workplace page","duration":24664,"startTime":"2018-02-26T05:52:07.634555500+08:00[Asia/Singapore]","screenshots":[{"screenshot":"69c437dca81a48e885d5ba04e8021b687b15a7c63f87fe934fc0978772dd42a6.png"}],"result":"SUCCESS","precondition":false},{"number":3,"description":"Then Show about intro text should be a string containing \u0027The workplace is where most adult Singaporeans spend a majority of their day at, and is thus a key setting for health promotion. Companies and organisations can have a positive influence on their employee\u0026rsquo;s health, through creating the right type of working environment.\u0027","duration":2264,"startTime":"2018-02-26T05:52:32.312830+08:00[Asia/Singapore]","screenshots":[{"screenshot":"69c437dca81a48e885d5ba04e8021b687b15a7c63f87fe934fc0978772dd42a6.png"}],"result":"SUCCESS","precondition":false},{"number":4,"description":"Then tabs shown in the landing page should be a collection containing a string containing \u0027Healthy Workplace Ecosystem\u0027","duration":3875,"startTime":"2018-02-26T05:52:34.802007200+08:00[Asia/Singapore]","screenshots":[{"screenshot":"aa408f2459fd64912345d8f83839d9ec09509f5bdfc0de6226cfe3c3fef564f2.png"}],"result":"SUCCESS","precondition":false},{"number":5,"description":"Then tabs shown in the landing page should be a collection containing a string containing \u0027Workplace Programmes\u0027","duration":2335,"startTime":"2018-02-26T05:52:38.682073400+08:00[Asia/Singapore]","screenshots":[{"screenshot":"aa408f2459fd64912345d8f83839d9ec09509f5bdfc0de6226cfe3c3fef564f2.png"}],"result":"SUCCESS","precondition":false},{"number":6,"description":"Then tabs shown in the landing page should be a collection containing a string containing \u0027Singapore HEALTH Award\u0027","duration":2451,"startTime":"2018-02-26T05:52:41.045824300+08:00[Asia/Singapore]","screenshots":[{"screenshot":"aa408f2459fd64912345d8f83839d9ec09509f5bdfc0de6226cfe3c3fef564f2.png"}],"result":"SUCCESS","precondition":false},{"number":7,"description":"Then tabs shown in the landing page should be a collection containing a string containing \u0027Useful Information for Organisations\u0027","duration":2345,"startTime":"2018-02-26T05:52:43.501466800+08:00[Asia/Singapore]","screenshots":[{"screenshot":"aa408f2459fd64912345d8f83839d9ec09509f5bdfc0de6226cfe3c3fef564f2.png"}],"result":"SUCCESS","precondition":false}]}],"userStory":{"id":"visit-the-hpb-corporate-website","storyName":"Visit the HPB Corporate Website","path":"src/test/resources/features/browse/CallistoVisitor.feature","narrative":"Users should see \"Home\", \"About\", \"Schools\", \"Community\", \"Healthy Living\", \"Partnerships\" in the main menu bar and search the website","type":"feature"},"featureTag":{"name":"Browse/Visit the HPB Corporate Website","type":"feature"},"title":"Kallista visits the workplace page","description":"","tags":[{"name":"browse","type":"tag"},{"name":"Browse/Visit the hpb corporate website","type":"feature"},{"name":"workplace","type":"tag"},{"name":"Browse","type":"capability"}],"startTime":"2018-02-26T05:52:07.566010600+08:00[Asia/Singapore]","duration":39278,"projectKey":"","sessionId":"de1620fcfcbf1e0f57538fc615b65faa","driver":"chrome:\u0027kallista\u0027","manual":false,"testSource":"Cucumber","result":"SUCCESS"}